Ob,WageNew
1,2285.0154
2,3088.321
3,1714.729
4,11703.741
5,26038.219
6,4426.562
7,12770.02
8,2183.5295
9,11221.143
10,3491.306
11,2412.8577
12,3564.5044
13,47336.14
14,21054.63
15,21967.938
16,1630.9558
17,11901.594
18,7546.3525
19,15613.402
20,2393.247
21,5296.572
22,3655.7163
23,3772.9363
24,3328.1572
25,9145.716
26,19666.457
27,1665.3857
28,17825.047
29,9137.812
30,11005.753
31,28079.549
32,5259.7954
33,10652.007
34,2986.9172
35,12922.761
36,18694.066
37,4285.9893
38,9160.475
39,2986.685
40,10968.665
41,12659.996
42,3284.1033
43,1815.4386
44,1479.635
45,7337.8335
46,25052.207
47,2360.2397
48,3231.8354
49,3013.4036
50,2186.8318
51,7009.4155
52,21502.771
53,11206.002
54,64937.68
55,7503.661
56,6409.674
57,1638.8025
58,21898.207
59,1906.696
60,132014.98
61,3808.285
62,2385.2046
63,3288.3113
64,7064.234
65,21049.387
66,1677.4531
67,25389.855
68,3747.3245
69,78457.03
70,6426.1772
71,12643.869
72,4174.504
73,10976.828
74,11062.065
75,3731.6487
76,2023.4558
77,18705.207
78,15628.149
79,2614.5996
80,9284.4
81,22704.504
82,2780.456
83,13273.09
84,3233.9487
85,10241.789
86,2476.8513
87,6218.4946
88,4949.438
89,26143.637
90,13044.043
91,2610.1365
92,6859.552
93,1531.5521
94,88925.5
95,13758.109
96,18079.035
97,2050.784
98,2633.3242
99,3897.1646
100,1618.294
101,4747.9194
102,3315.631
103,7593.171
104,22432.121
105,3167.2446
106,11122.148
107,9157.486
108,30400.562
109,1575.9858
110,5196.817
111,2903.5518
112,12588.769
113,7394.398
114,9155.62
115,10935.624
116,33662.56
117,12443.672
118,23572.092
119,1849.604
120,5229.4106
121,3078.9844
122,14471.836
123,2286.5222
124,7178.481
125,5981.725
126,46550.59
127,2196.4827
128,9117.957
129,3375.418
130,39273.125
131,3630.5918
132,1702.509
133,7650.7134
134,3299.7083
135,1995.3307
136,14705.602
137,2076.2942
138,6261.6655
139,3270.7542
140,2017.3767
141,11009.352
142,15213.161
143,12523.554
144,2433.836
145,1927.8518
146,4220.821
147,15368.146
148,23529.09
149,101420.77
150,1755.0176
151,65656.27
152,1938.5474
153,4831.5376
154,11026.818
155,10830.074
156,2477.5005
157,2330.053
158,10334.877
159,5330.5083
160,2341.3362
161,45847.734
162,5938.5747
163,4029.7522
164,2753.323
165,11063.683
166,6452.4453
167,1612.1895
168,1658.9192
169,10963.528
170,2856.381
171,4125.1533
172,43606.348
173,5028.3706
174,3776.4697
175,3378.3455
176,4616.739
177,1591.0989
178,2595.406
179,24896.713
180,7383.9966
181,59147.016
182,5266.2876
183,5946.0024
184,4001.6992
185,1666.8889
186,10423.849
187,9011.617
188,5780.1504
189,2531.03
190,6096.444
191,1701.0844
192,12729.769
193,3546.1267
194,6274.773
195,1683.5085
196,2796.2268
197,2348.194
198,20791.434
199,6565.0625
200,3660.235
201,5305.72
202,23422.75
203,6497.695
204,17573.35
205,8361.576
206,22946.273
207,26948.496
208,4279.022
209,4822.527
210,5050.1895
211,2583.95
212,9105.424
213,10452.107
214,1874.0181
215,1572.0145
216,3244.5793
217,4206.101
218,2024.8595
219,2896.6301
220,2860.109
221,1459.101
222,15897.892
223,18070.424
224,7617.0317
225,15432.143
226,3727.4849
227,3276.4243
228,2331.887
229,3900.1824
230,5038.803
231,178280.72
232,10603.022
233,1753.3677
234,3371.434
235,2183.2336
236,3692.2644
237,138941.98
238,8051.9067
239,15289.879
240,3366.2913
241,2370.4656
242,20165.94
243,2164.2341
244,6423.755
245,44451.25
246,2814.5227
247,14148.087
248,2164.209
249,2778.7542
250,17204.504
251,44097.047
252,26846.41
253,3702.0522
254,5674.5825
255,3997.1685
256,3181.2114
257,5950.777
258,45486.8
259,8911.001
260,4397.2417
261,2454.8752
262,2770.202
263,2612.8022
264,28428.312
265,9989.0
266,2250.821
267,3166.2402
268,2974.886
269,1882.1427
270,5973.7974
271,7354.9766
272,7624.219
273,2246.3933
274,6429.6543
275,8989.127
276,20929.117
277,1599.5858
278,7098.3706
279,8714.469
280,4490.2515
281,5241.85
282,11724.637
283,3128.2168
284,3658.4458
285,10269.445
286,2970.9666
287,6083.263
288,5253.1294
289,3890.04
290,10919.207
291,2566.9153
292,12764.541
293,8703.021
294,3342.617
295,13808.725
296,23402.48
297,3435.8464
298,2294.2097
299,5875.728
300,11808.791
301,7684.643
302,41502.066
303,12494.459
304,1583.8555
305,2043.063
306,4344.8794
307,16309.376
308,2160.8396
309,2687.9258
310,2554.8098
311,1924.3583
312,3245.6968
313,11605.01
314,11571.855
315,2133.894
316,15244.24
317,3736.1697
318,19996.514
319,3662.3848
320,7306.84
321,2016.8921
322,2356.931
323,2457.285
324,15759.553
325,4045.927
326,3297.6394
327,3273.2756
328,4390.775
329,2828.4417
330,9155.619
331,2243.9458
332,3303.6853
333,4351.0835
334,15196.952
335,1770.601
336,46572.117
337,4042.784
338,11921.8125
339,1686.5957
340,1794.4222
341,3671.195
342,1485.7366
343,8859.096
344,3763.4243
345,6061.534
346,2951.7878
347,2841.9148
348,1749.7789
349,3644.1755
350,2066.677
351,6122.435
352,4199.7915
353,10976.559
354,24629.273
355,5230.609
356,9248.128
357,5271.947
358,3614.7947
359,7282.8228
360,45510.85
361,1895.0369
362,9096.837
363,37882.22
364,10262.465
365,2331.6106
366,18344.262
367,2081.205
368,4562.565
369,9198.267
370,59620.7
371,1759.3632
372,1739.7756
373,2241.5957
374,2257.4658
375,22328.328
376,18759.629
377,10683.836
378,3376.852
379,4185.953
380,3727.4968
381,3285.1309
382,3144.541
383,6371.8555
384,7706.758
385,6448.689
386,9271.016
387,40314.93
388,2982.2239
389,3776.0198
390,2454.106
391,6611.957
392,7640.436
393,11929.424
394,1754.0181
395,7258.2646
396,4387.8813
397,2634.639
398,5432.7666
399,2097.2678
400,1721.8627
401,1686.2946
402,2313.7297
403,1617.919
404,1585.5352
405,4669.5586
406,10126.107
407,2175.831
408,2266.3748
409,3640.6226
410,15511.113
411,2973.5994
412,17724.682
413,1751.4215
414,6373.6147
415,11012.783
416,1626.7888
417,40035.375
418,3125.9333
419,2901.7239
420,2644.0154
421,5882.849
422,3206.249
423,18292.293
424,290418.03
425,20609.016
426,2075.2212
427,15727.69
428,34755.496
429,5054.1235
430,1678.556
431,22568.242
432,11025.742
433,18630.03
434,3311.3325
435,5911.5493
436,2477.7405
437,2122.5781
438,3266.236
439,1739.271
440,1657.208
441,7536.7207
442,3861.5386
443,2553.031
444,4289.2993
445,19009.941
446,4224.4927
447,5428.8677
448,2170.605
449,10500.949
450,3301.4387
451,2202.8342
452,2730.059
453,42604.78
454,10929.162
455,3027.6902
456,4917.3115
457,9134.584
458,25691.484
459,3348.8755
460,50125.79
461,5905.7505
462,140036.61
463,20309.773
464,3355.7244
465,2228.7166
466,2220.3557
467,17011.475
468,4307.8643
469,1756.5452
470,2808.047
471,2553.9875
472,35409.836
473,11002.225
474,24987.314
475,12298.152
476,7673.3784
477,8607.813
478,65643.76
479,1971.6274
480,4276.986
481,2127.6982
482,4127.5693
483,2044.0261
484,2257.0059
485,14730.566
486,4448.18
487,5164.856
488,18075.52
489,11030.533
490,1602.3489
491,19635.95
492,4282.1553
493,2502.2505
494,8800.778
495,4217.643
496,1651.346
497,27296.531
498,6489.277
499,5397.859
500,7644.85
501,2054.0042
502,27389.844
503,2436.157
504,4646.5137
505,44841.137
506,6390.18
507,3426.3098
508,6451.277
509,14497.185
510,14996.949
511,2469.8752
512,16517.215
513,2073.1565
514,3300.47
515,11106.008
516,2463.8176
517,58498.78
518,5672.98
519,2741.0735
520,6507.0317
521,3227.607
522,2524.389
523,9080.375
524,2177.8884
525,8944.024
526,1964.3623
527,12186.984
528,11445.915
529,3233.951
530,7646.001
531,1954.0128
532,3759.8474
533,3345.3938
534,20125.66
535,22306.535
536,5099.1333
537,7608.6646
538,20465.39
539,3112.5105
540,17830.465
541,2956.164
542,7596.8765
543,3591.2788
544,12514.01
545,49649.188
546,4073.6646
547,6241.0664
548,5282.357
549,2503.38
550,19608.36
551,1926.2664
552,3132.1917
553,6919.989
554,9165.314
555,15343.887
556,44217.43
557,2833.2786
558,5212.821
559,2651.1956
560,12474.446
561,9540.9375
562,48850.426
563,12501.596
564,5356.803
565,2505.408
566,5147.397
567,12805.433
568,1738.6201
569,3017.922
570,7657.1357
571,16990.977
572,7686.4795
573,12933.533
574,12808.248
575,2424.2317
576,32093.594
577,3344.3162
578,3477.4958
579,1677.612
580,20089.193
581,2890.3794
582,1686.674
583,3746.3713
584,4234.873
585,2230.3853
586,15448.008
587,17555.746
588,1678.2794
589,2240.5095
590,3645.7444
591,2422.2434
592,4606.778
593,2646.9666
594,2607.55
595,6834.554
596,5253.3774
597,9263.498
598,19255.416
599,10882.674
600,1611.0552
601,3897.2322
602,12750.508
603,2226.804
604,4425.3154
605,20928.02
606,1639.4095
607,4376.7026
608,3552.2234
609,1599.5371
610,6365.197
611,2131.0405
612,291876.1
613,7639.3086
614,8938.206
615,80612.48
616,2139.293
617,3444.8826
618,4448.8306
619,23645.99
620,10693.25
621,2155.9407
622,3641.767
623,2145.4048
624,43736.195
625,2676.628
626,3633.2097
627,13008.06
628,7854.4062
629,8833.351
630,43052.67
631,72100.0
632,1538.1097
633,2685.969
634,38270.297
635,11006.652
636,11005.172
637,6206.4233
638,2919.2473
639,6014.766
640,2864.15
641,1983.9985
642,12891.491
643,6428.347
644,3234.95
645,3642.3118
646,6169.0796
647,3307.014
648,25835.066
649,1967.4437
650,5314.4424
651,53851.414
652,5182.281
653,9934.811
654,1751.8558
655,3004.3887
656,2848.786
657,2454.1404
658,7451.004
659,22618.332
660,1557.5735
661,10996.252
662,21853.777
663,3329.943
664,5322.8115
665,6370.677
666,1579.3682
667,14912.237
668,1845.2349
669,3283.515
670,3337.2937
671,11951.729
672,2821.4673
673,12864.588
674,64900.688
675,1658.5553
676,134471.39
677,1906.2032
678,1588.6567
679,9197.652
680,9223.391
681,22435.643
682,6033.561
683,20919.479
684,2756.0002
685,15434.492
686,6138.152
687,5059.353
688,15413.744
689,3192.468
690,3627.3474
691,15361.301
692,12556.104
693,40048.52
694,2895.5803
695,16786.164
696,3267.475
697,12275.915
698,20583.182
699,3735.7354
700,9177.334
701,2423.2524
702,2592.1497
703,12195.471
704,2056.2283
705,1573.9509
706,8409.236
707,2555.3152
708,1651.0342
709,1605.0305
710,10845.473
711,4052.456
712,1734.8967
713,2104.3098
714,2617.854
715,1782.9836
716,2808.2976
717,2649.5676
718,4920.4546
719,11065.54
720,4548.5684
721,2497.5857
722,3503.772
723,3600.003
724,1838.2854
725,2410.5312
726,1713.822
727,7548.758
728,10381.217
729,5018.4575
730,6321.2227
731,1567.535
732,1577.3309
733,12400.115
734,1900.0294
735,9227.192
736,4640.8965
737,2764.5347
738,22436.89
739,4306.5234
740,20237.0
741,1741.0471
742,10733.537
743,1973.6678
744,15603.654
745,4206.6216
746,2190.136
747,23562.266
748,3211.555
749,15230.629
750,6379.183
751,4308.8877
752,1938.1262
753,2465.5295
754,2038.0735
755,2040.268
756,12261.779
757,15746.035
758,1911.674
759,6178.3223
760,3312.279
761,22261.432
762,4116.5776
763,5125.9927
764,2840.6404
765,15790.229
766,5251.68
767,2807.587
768,19205.21
769,2033.441
770,4377.6997
771,8895.623
772,21902.996
773,2904.5815
774,5418.1406
775,33663.18
776,4219.9575
777,2077.45
778,3194.3093
779,1711.9056
780,6123.911
781,5141.6016
782,3029.2976
783,3168.6453
784,3978.8423
785,19010.27
786,5247.643
787,12977.149
788,4168.2466
789,2845.9631
790,3193.51
791,5125.9097
792,169876.3
793,7630.8213
794,3755.3845
795,17005.244
796,21895.137
797,6029.7065
798,1677.5132
799,6897.41
800,2052.075
801,3104.0862
802,54005.273
803,1924.4403
804,9103.117
805,7628.096
806,4140.5913
807,3238.2043
808,2695.0312
809,2637.8591
810,15414.821
811,5271.895
812,2606.1711
813,3269.4426
814,4051.4949
815,6191.692
816,12308.51
817,1912.6228
818,13306.581
819,3638.1301
820,17450.44
821,7656.062
822,1980.1184
823,3089.3
824,12622.504
825,14776.093
826,4223.7114
827,2117.1487
828,9137.821
829,2376.0798
830,5791.1245
831,18717.041
832,2330.5059
833,159334.3
834,4101.1514
835,5870.797
836,3229.8909
837,6444.103
838,6609.6934
839,3357.695
840,6933.537
841,1800.1367
842,17992.73
843,4783.757
844,2572.7136
845,21120.227
846,22051.473
847,1841.6902
848,3036.508
849,2522.3035
850,2177.01
851,3714.967
852,2567.9285
853,3237.2258
854,3632.201
855,2935.2786
856,19332.977
857,22399.764
858,6341.137
859,43612.71
860,2340.8406
861,3611.2869
862,7289.4
863,161294.38
864,18190.238
865,1768.7188
866,4973.148
867,3140.8328
868,37976.49
869,8518.182
870,1697.3507
871,5247.4644
872,14652.846
873,1934.8081
874,4262.735
875,4204.737
876,2513.947
877,3309.5806
878,3065.0325
879,1822.7563
880,16179.145
881,3395.0852
882,1653.4613
883,1709.012
884,14750.125
885,8970.693
886,2968.8096
887,3860.0437
888,2629.9636
889,3281.465
890,1678.5454
891,7474.793
892,20542.535
893,28655.17
894,12623.886
895,19128.268
896,5533.4507
897,3140.5837
898,2622.0315
899,133405.8
900,2469.491
901,4456.5005
902,11857.549
903,1976.1763
904,4207.5264
905,16706.322
906,5579.5444
907,1848.1859
908,1848.6731
909,12501.145
910,5216.0195
911,88930.21
912,2595.8032
913,2843.7808
914,9090.405
915,12810.201
916,5013.6294
917,2160.3943
918,12984.942
919,1789.7151
920,2843.7107
921,5591.314
922,25701.365
923,7726.053
924,2034.3132
925,49101.195
926,1750.188
927,4291.9204
928,2657.2913
929,2651.1514
930,113417.38
931,1611.0923
932,4404.6187
933,2651.5513
934,39501.777
935,41762.367
936,2899.3933
937,2117.164
938,1517.616
939,9737.714
940,8967.676
941,17732.96
942,3312.4832
943,4372.5264
944,10095.031
945,5287.424
946,5162.143
947,1815.1364
948,3752.465
949,3325.142
950,26995.605
951,1624.9994
952,5367.7476
953,2685.4275
954,3922.2205
955,2434.73
956,2524.015
957,2549.8982
958,1814.6895
959,2117.3499
960,2983.8142
961,1702.9298
962,3693.112
963,12760.012
964,3576.2192
965,2666.675
966,5294.34
967,5602.8735
968,7437.297
969,15135.789
970,34716.06
971,2610.4785
972,2007.303
973,1539.685
974,1613.9816
975,1655.166
976,2963.693
977,1598.2751
978,1771.4446
979,1925.4729
980,54839.023
981,25228.354
982,7566.481
983,5182.6343
984,1725.3057
985,2486.077
986,2397.9873
987,2702.5667
988,6283.4546
989,1602.372
990,1914.774
991,7588.647
992,22637.32
993,3830.1287
994,7676.226
995,16954.395
996,15601.402
997,2746.8694
998,20569.525
999,12089.223
1000,45007.777
1001,4229.7695
1002,12347.146
1003,5429.651
1004,3583.0554
1005,3665.3318
1006,308312.84
1007,3463.459
1008,2185.211
1009,1435.4519
1010,1678.4995
1011,5914.9023
1012,4403.194
1013,3299.2346
1014,8795.17
1015,10446.213
1016,15272.492
1017,5201.9233
1018,2649.4514
1019,24094.059
1020,5370.152
1021,1880.002
1022,1463.8519
1023,2315.7605
1024,7448.9937
1025,2898.2039
1026,2315.0295
1027,3147.551
1028,4777.601
1029,12667.889
1030,2994.3389
1031,15044.531
1032,2814.4988
1033,1794.1467
1034,18019.004
1035,6303.955
1036,1576.6418
1037,4307.908
1038,100447.76
1039,1579.4844
1040,2415.2207
1041,2654.7185
1042,2166.4954
1043,3303.2493
1044,6442.81
1045,2880.7158
1046,88006.54
1047,9064.289
1048,95829.35
1049,1755.9929
1050,16292.866
1051,2811.739
1052,3458.7927
1053,1712.1644
1054,12311.566
1055,12581.722
1056,2732.1997
1057,8995.37
1058,3895.9783
1059,3626.2942
1060,1686.3422
1061,6307.8843
1062,3130.97
1063,19756.29
1064,2581.2925
1065,6264.4497
1066,1676.7965
1067,5275.69
1068,32684.684
1069,1628.5593
1070,8702.826
1071,2283.6917
1072,23913.934
1073,1727.7675
1074,2345.3845
1075,6629.131
1076,6637.239
1077,2039.1621
1078,1859.9211
1079,5178.9478
1080,20322.207
1081,17117.871
1082,12728.828
1083,4102.634
1084,11945.339
1085,9206.915
1086,9083.077
1087,55248.594
1088,42508.707
1089,2674.694
1090,14879.672
1091,12353.983
1092,4077.6396
1093,2695.3992
1094,5747.587
1095,2479.7024
1096,9103.365
1097,8989.56
1098,9049.683
1099,4043.659
1100,7253.4653
1101,2558.0344
1102,48134.418
1103,1998.9479
1104,7673.1016
1105,129258.79
1106,4232.992
1107,5183.936
1108,3125.7063
1109,3238.6367
1110,12580.053
1111,3487.9526
1112,4086.785
1113,2036.9038
1114,9208.294
1115,4304.6763
1116,3940.4216
1117,2275.907
1118,1628.0117
1119,9004.816
1120,4605.7925
1121,2213.3633
1122,2050.849
1123,1803.0355
1124,29588.836
1125,3298.1682
1126,172845.42
1127,1908.8727
1128,2607.9333
1129,3890.726
1130,10903.727
1131,14252.231
1132,10693.426
1133,15850.676
1134,3739.905
1135,17804.021
1136,3610.3645
1137,14456.752
1138,15189.707
1139,131364.39
1140,2473.3447
1141,3537.0864
1142,9115.771
1143,3088.6853
1144,2517.9524
1145,6371.015
1146,5869.2427
1147,29832.887
1148,25037.426
1149,5285.4307
1150,9008.763
1151,1832.7904
1152,12299.355
1153,18306.803
1154,8749.917
1155,7671.566
1156,6339.5454
1157,2953.369
1158,10639.69
1159,21800.549
1160,4072.3733
1161,20067.39
1162,7588.001
1163,6233.8257
1164,2976.6606
1165,2018.9939
1166,4422.2246
1167,5054.31
1168,9016.325
1169,1818.0461
1170,29547.232
1171,30767.404
1172,3140.8357
1173,1671.3925
1174,1567.2357
1175,1642.5776
1176,9125.449
1177,2033.3016
1178,5262.243
1179,10582.165
1180,4367.43
1181,6170.5576
1182,3161.7734
1183,2268.4485
1184,6194.7085
1185,4220.354
1186,3754.7246
1187,3620.891
1188,3145.375
1189,6328.731
1190,2234.5178
1191,10441.317
1192,50454.727
1193,1793.2007
1194,3077.0964
1195,12736.531
1196,2999.6675
1197,1681.3162
1198,2068.3835
1199,4869.626
1200,6369.487
1201,1857.3506
1202,6388.3945
1203,2077.1665
1204,2277.2244
1205,2138.067
1206,7661.148
1207,2779.8591
1208,1571.9285
1209,5411.6704
1210,2649.6926
1211,32912.53
1212,10993.619
1213,4921.8994
1214,2432.2131
1215,3163.138
1216,3293.62
1217,2108.4058
1218,6977.849
1219,59034.062
1220,4327.8213
1221,3185.4094
1222,2453.6394
1223,87458.51
1224,3712.2961
1225,7653.669
1226,10592.821
1227,3849.3743
1228,4179.372
1229,2471.7478
1230,15325.871
1231,1601.8875
1232,5061.7056
1233,1800.415
1234,36743.07
1235,7343.731
1236,2219.6514
1237,1485.8132
1238,23126.627
1239,12536.217
1240,2071.3494
1241,6506.897
1242,1786.6201
1243,3976.5803
1244,6035.3364
1245,2095.4272
1246,14606.607
1247,2121.3137
1248,17644.664
1249,1614.5244
1250,5306.5767
1251,16808.834
1252,4328.3394
1253,4376.8174
1254,8246.475
1255,1532.857
1256,4241.8843
1257,3722.8977
1258,6336.2617
1259,19150.912
1260,4344.3247
1261,27204.408
1262,4350.62
1263,10371.615
1264,1666.8888
1265,135456.14
1266,2635.6687
1267,3609.505
1268,2289.0847
1269,2038.5161
1270,5131.608
1271,3743.9343
1272,84726.21
1273,7045.686
1274,3935.9321
1275,8814.2295
1276,7598.4595
1277,2130.4736
1278,61278.52
1279,19525.496
1280,17549.703
1281,9187.041
1282,8977.811
1283,1898.5632
1284,9227.117
1285,22291.453
1286,2135.299
1287,78740.74
1288,114626.96
1289,4371.1772
1290,4141.398
1291,2693.2146
1292,2005.1206
1293,3371.0364
1294,11066.939
1295,2501.5637
1296,1584.3798
1297,2431.867
1298,10646.516
1299,4217.465
1300,45048.555
1301,4972.768
1302,5311.445
1303,2649.7056
1304,2809.0872
1305,9120.496
1306,1582.6865
1307,3779.9485
1308,12023.193
1309,3242.3684
1310,11466.564
1311,6256.249
1312,14325.655
1313,2941.9302
1314,7625.654
1315,36838.992
1316,21973.883
1317,9107.897
1318,4867.845
1319,3013.8604
1320,8183.3726
1321,3684.5095
1322,3444.8853
1323,15048.734
1324,1680.3242
1325,1783.4209
1326,17945.293
1327,2885.9866
1328,2435.214
1329,22973.102
1330,6450.238
1331,2936.8916
1332,3607.0667
1333,3053.6511
1334,2261.814
1335,2561.0237
1336,2025.2051
1337,3689.5322
1338,1587.0734
1339,2720.4768
1340,17849.492
1341,13012.098
1342,5244.3228
1343,1875.6859
1344,3283.2712
1345,4364.9
1346,6346.8667
1347,2619.769
1348,5209.275
1349,2594.4607
1350,2038.5027
1351,2170.9822
1352,12615.932
1353,7650.5312
1354,8163.652
1355,2208.8926
1356,19306.37
1357,6342.2915
1358,3600.9949
1359,3600.687
1360,9759.144
1361,4317.019
1362,9183.08
1363,4313.065
1364,1757.0061
1365,15415.505
1366,3270.7092
1367,2889.8325
1368,7535.412
1369,2227.7156
1370,2451.118
1371,5235.7407
1372,14718.234
1373,23687.129
1374,1615.3765
1375,25060.979
1376,2470.7654
1377,3583.771
1378,3690.9724
1379,2449.557
1380,10165.768
1381,28292.467
1382,4246.7837
1383,6163.3857
1384,47481.36
1385,12263.639
1386,41295.86
1387,4285.6367
1388,2045.2207
1389,14679.752
1390,3632.1008
1391,24166.188
1392,8726.55
1393,7534.3813
1394,10619.482
1395,7393.7827
1396,3277.1965
1397,2540.1975
1398,54513.875
1399,10274.106
1400,9932.166
1401,1586.3994
1402,1582.3232
1403,1679.8909
1404,2000.7183
1405,3369.7122
1406,1603.3352
1407,295270.66
1408,151593.02
1409,2152.557
1410,8729.773
1411,12548.994
1412,6005.7163
1413,3470.1602
1414,1920.5012
1415,10495.933
1416,3835.325
1417,2998.8748
1418,2132.3162
1419,22953.52
1420,8258.449
1421,2683.57
1422,2482.4128
1423,73370.28
1424,36226.047
1425,4323.099
1426,15435.542
1427,4557.028
1428,4036.156
1429,3777.8137
1430,5901.326
1431,12704.736
1432,10523.8
1433,1735.5356
1434,2977.0842
1435,20039.256
1436,2486.4224
1437,4110.827
1438,4392.337
1439,2445.3188
1440,4711.109
1441,2746.5215
1442,3758.2644
1443,11050.119
1444,8967.424
1445,1604.6111
1446,1589.4365
1447,3284.6663
1448,1690.375
1449,2557.5964
1450,5184.213
1451,46646.332
1452,2718.3313
1453,81411.414
1454,1836.3344
1455,5649.7944
1456,14908.153
1457,3725.864
1458,4294.212
1459,4167.7554
1460,17812.34
1461,6443.7617
1462,8246.245
1463,37617.285
1464,1670.0288
1465,6402.1323
1466,4306.535
1467,9147.082
1468,1584.0498
1469,17765.902
1470,25839.164
1471,8507.411
1472,9021.477
1473,15923.158
1474,11571.693
1475,5199.669
1476,2223.743
1477,2794.2913
1478,17323.578
1479,18154.205
1480,3070.6438
1481,38364.496
1482,27724.064
1483,6272.056
1484,2717.5403
1485,1904.8325
1486,7668.079
1487,6309.3657
1488,8329.369
1489,2075.3765
1490,6476.481
1491,166119.22
1492,2235.3333
1493,1747.9656
1494,2297.1099
1495,4945.179
1496,21321.402
1497,1303.3699
1498,12282.982
1499,22165.684
1500,3234.5808
1501,2782.0745
1502,4938.9194
1503,2061.3962
1504,67902.914
1505,2819.8962
1506,20374.305
1507,24606.172
1508,2626.9375
1509,54926.723
1510,2598.7922
1511,5198.415
1512,2613.6936
1513,5097.177
1514,2941.5378
1515,6789.0522
1516,21146.549
1517,2080.5935
1518,23659.531
1519,6244.5493
1520,9037.416
1521,1803.1018
1522,51537.71
1523,1612.0732
1524,12527.875
1525,18261.818
1526,2368.2449
1527,4417.305
1528,9190.126
1529,1596.7134
1530,8899.107
1531,2554.7664
1532,9239.311
1533,5394.2485
1534,2207.2605
1535,5014.7183
1536,1917.5588
1537,9212.658
1538,3687.2952
1539,5335.5806
1540,18327.82
1541,12275.289
1542,23552.604
1543,1998.3035
1544,3688.134
1545,7450.2407
1546,5446.9346
1547,4096.373
1548,18748.324
1549,3734.3142
1550,4382.684
1551,2331.172
1552,5081.627
1553,8676.309
1554,1620.3464
1555,2079.9578
1556,1951.7473
1557,3431.1582
1558,3147.1213
1559,3537.487
1560,14016.928
1561,20570.088
1562,5995.324
1563,2282.9387
1564,3706.9963
1565,148681.14
1566,6355.7974
1567,42238.98
1568,1862.7463
1569,32276.037
1570,3808.0872
1571,8659.282
1572,7431.7134
1573,73293.73
1574,4039.0544
1575,21765.02
1576,3714.2632
1577,4347.2246
1578,1684.4613
1579,5262.4478
1580,7534.5356
1581,16335.777
1582,1681.0599
1583,15232.797
1584,12460.959
1585,28042.47
1586,4376.94
1587,2457.5032
1588,2021.7073
1589,7420.0024
1590,5591.9146
1591,21268.188
1592,21298.545
1593,24192.57
1594,13959.354
1595,5803.4897
1596,12108.059
1597,2260.2483
1598,23258.008
1599,7019.8813
1600,4284.388
1601,2395.2039
1602,73454.445
1603,27889.797
1604,8664.501
1605,6058.472
1606,15262.596
1607,2125.992
1608,6383.0977
1609,11107.141
1610,3232.2898
1611,11044.362
1612,3447.4998
1613,18340.684
1614,6307.632
1615,3537.0024
1616,7610.106
1617,18978.732
1618,3588.7283
1619,1995.1749
1620,7636.0933
1621,3300.9558
1622,5390.5767
1623,2446.271
1624,7648.0464
1625,6254.479
1626,2182.0168
1627,11241.46
1628,1649.9071
1629,11874.522
1630,2958.339
1631,3319.9758
1632,17344.213
1633,22216.578
1634,28297.656
1635,5238.239
1636,1576.8502
1637,8741.115
1638,2357.283
1639,3355.4065
1640,2313.3447
1641,2499.7874
1642,8424.916
1643,21218.047
1644,3217.4963
1645,5397.2856
1646,47690.25
1647,1601.2313
1648,6126.7847
1649,2218.7908
1650,1827.4342
1651,14618.328
1652,3033.9255
1653,6218.6733
1654,5830.113
1655,6658.601
1656,2556.9373
1657,9099.659
1658,2259.4812
1659,8431.696
1660,1563.9368
1661,6409.9106
1662,8374.319
1663,2435.609
1664,9311.342
1665,11045.311
1666,3672.7556
1667,2149.2031
1668,5415.557
1669,12926.371
1670,5362.853
1671,3118.744
1672,141940.72
1673,2098.6604
1674,5119.091
1675,3316.123
1676,4111.227
1677,3328.9272
1678,7766.1685
1679,5265.4385
1680,8952.98
1681,3461.5396
1682,1928.225
1683,7606.275
1684,3764.568
1685,5385.982
1686,4978.515
1687,2947.3025
1688,4242.529
1689,1577.9841
1690,5284.736
1691,2105.1213
1692,4631.6187
1693,19798.809
1694,2652.1963
1695,6071.1094
1696,21432.584
1697,7310.4697
1698,3938.0083
1699,1696.6287
1700,6132.8276
1701,4796.8696
1702,1529.6246
1703,3132.4688
1704,3728.3228
1705,18458.174
1706,17583.205
1707,4229.801
1708,3795.5417
1709,2727.6208
1710,2463.3406
1711,19647.121
1712,2453.176
1713,5315.2295
1714,27862.887
1715,8395.273
1716,10794.365
1717,3525.9456
1718,25670.617
1719,7050.111
1720,3941.4412
1721,3117.429
1722,3191.9507
1723,9175.45
1724,3107.7239
1725,107856.945
1726,20235.555
1727,1876.5635
1728,2365.841
1729,3490.4675
1730,1373.4386
1731,95842.68
1732,22235.832
1733,2478.9119
1734,17054.576
1735,2535.5183
1736,2086.1953
1737,2546.1711
1738,6830.483
1739,7525.807
1740,2611.8372
1741,48987.867
1742,27864.846
1743,1820.4509
1744,3694.8613
1745,3035.3992
1746,2684.1355
1747,3788.6306
1748,11000.609
1749,15134.685
1750,3679.2217
1751,9180.59
1752,9105.662
1753,3354.5515
1754,5201.1797
1755,7897.156
1756,3025.9148
1757,5445.7437
1758,15000.295
1759,2681.8967
1760,11740.205
1761,4348.3667
1762,11911.521
1763,7461.2896
1764,3343.8674
1765,26746.068
1766,2100.306
1767,4225.734
1768,5360.6606
1769,5117.86
1770,4501.3413
1771,22882.836
1772,1816.7556
1773,5345.6626
1774,3154.5413
1775,3633.823
1776,1685.0156
1777,1558.564
1778,12456.358
1779,211982.98
1780,21769.586
1781,2841.2537
1782,2520.6445
1783,5276.2905
1784,80426.57
1785,21301.867
1786,1692.4111
1787,4668.8306
1788,6210.692
1789,3408.6018
1790,1501.9882
1791,2879.2595
1792,9095.209
1793,6467.4575
1794,14483.906
1795,9235.723
1796,20502.672
1797,1962.1066
1798,21703.762
1799,2651.2522
1800,4016.2263
1801,3680.4768
1802,1844.1482
1803,6908.48
1804,4288.274
1805,4158.9844
1806,2939.0305
1807,15273.318
1808,2570.2107
1809,2842.0444
1810,8702.725
1811,7246.013
1812,4218.2246
1813,1599.694
1814,7471.8394
1815,2928.3567
1816,1992.4324
1817,1990.8206
1818,1670.4762
1819,12400.307
1820,2158.1233
1821,1645.6191
1822,3248.3557
1823,21163.777
1824,2466.1064
1825,2342.3794
1826,5880.5015
1827,4832.355
1828,14557.76
1829,12905.015
1830,7504.327
1831,11107.439
1832,4670.2803
1833,22341.715
1834,1692.4106
1835,5355.8804
1836,2597.6746
1837,1576.6561
1838,2670.6223
1839,1671.0967
1840,22371.777
1841,25692.943
1842,15066.196
1843,2585.7483
1844,6420.057
1845,4333.126
1846,12613.168
1847,3549.1199
1848,4213.2114
1849,2156.182
1850,3673.6565
1851,18367.88
1852,52129.742
1853,12017.332
1854,3367.3474
1855,55313.812
1856,5153.115
1857,4070.1062
1858,4378.7603
1859,22615.025
1860,2644.3613
1861,10601.67
1862,1673.6558
1863,2050.6765
1864,2395.7502
1865,1468.3474
1866,33478.316
1867,4124.6753
1868,1660.3634
1869,1582.9142
1870,2487.7275
1871,7621.479
1872,105700.62
1873,19370.953
1874,4521.1294
1875,2228.8687
1876,10876.129
1877,9822.82
1878,7785.182
1879,1619.384
1880,64454.926
1881,134825.5
1882,68468.29
1883,6361.471
1884,73621.484
1885,2685.7253
1886,25434.133
1887,12850.135
1888,6032.5054
1889,47028.363
1890,5125.898
1891,252643.95
1892,2574.9426
1893,13305.146
1894,5272.4087
1895,4386.8613
1896,14725.669
1897,3292.6028
1898,1858.7505
1899,2956.2776
1900,8998.209
1901,15180.404
1902,18190.387
1903,12251.439
1904,1819.8062
1905,27906.705
1906,6202.4243
1907,1824.5548
1908,2999.2156
1909,57661.812
1910,2797.7659
1911,3862.2727
1912,9234.777
1913,3696.219
1914,1976.46
1915,2998.468
1916,3309.7512
1917,18064.977
1918,3783.0413
1919,2489.727
1920,4065.6877
1921,63654.133
1922,33857.445
1923,34367.13
1924,9183.495
1925,2971.4832
1926,3841.8784
1927,6937.136
1928,1819.9949
1929,24644.28
1930,6354.7427
1931,6182.377
1932,8820.869
1933,2984.6902
1934,15312.25
1935,4455.729
1936,5410.263
1937,20311.293
1938,17634.572
1939,47507.516
1940,7617.408
1941,3654.2434
1942,1967.8594
1943,4152.6045
1944,39804.766
1945,41618.566
1946,3184.8093
1947,2858.912
1948,7581.281
1949,14386.52
1950,12653.783
1951,2098.0247
1952,7563.644
1953,4566.4214
1954,36155.16
1955,2952.6335
1956,14824.566
1957,6437.8594
1958,12171.264
1959,5171.9355
1960,15239.481
1961,3621.5398
1962,47364.33
1963,11137.934
1964,1805.9167
1965,5339.313
1966,10892.554
1967,7650.2554
1968,16563.049
1969,10709.266
1970,2884.6038
1971,4353.5244
1972,1637.7264
1973,3726.4412
1974,2229.7874
1975,1657.8489
1976,1965.6025
1977,6410.2036
1978,2924.8857
1979,20210.979
1980,19228.725
1981,37504.062
1982,41464.695
1983,41055.117
1984,48224.523
1985,2851.977
1986,22092.584
1987,17313.7
1988,2191.298
1989,4845.458
1990,10966.192
1991,10329.087
1992,20403.39
1993,2573.743
1994,20293.475
1995,6346.302
1996,11100.114
1997,3154.5186
1998,2302.2
1999,2524.72
2000,3175.9575
2001,12847.053
2002,3612.3828
2003,2172.533
2004,1915.7377
2005,12707.508
2006,8927.154
2007,4209.2437
2008,2566.4885
2009,1818.5137
2010,7622.2046
2011,22043.678
2012,2273.1653
2013,6198.838
2014,1287.7235
2015,2745.3386
2016,59030.945
2017,6484.49
2018,6422.0083
2019,2462.978
2020,31792.55
2021,3308.2063
2022,2344.967
2023,3280.2043
2024,1652.0676
2025,6053.5366
2026,1739.9744
2027,2518.5276
2028,5323.5024
2029,5368.981
2030,6339.0835
2031,8925.719
2032,3724.5532
2033,2362.3337
2034,3314.3613
2035,4309.6104
2036,4189.5503
2037,3408.911
2038,262096.02
2039,3068.1077
2040,57643.49
2041,12583.867
2042,1724.2158
2043,2118.8428
2044,4201.228
2045,27031.914
2046,3586.6653
2047,2882.8574
2048,10958.081
2049,1592.0356
2050,2643.4993
2051,11543.1
2052,15275.6875
2053,2564.116
2054,44503.32
2055,3569.2102
2056,12695.823
2057,2192.2864
2058,4412.502
2059,7548.2974
2060,18980.398
2061,14366.885
2062,3687.98
2063,36107.645
2064,7444.4565
2065,3125.8586
2066,9077.888
2067,2213.36
2068,15442.31
2069,3807.245
2070,5306.785
2071,3078.318
2072,1983.545
2073,4303.011
2074,3228.517
2075,23252.635
2076,18233.31
2077,59239.453
2078,7664.606
2079,7328.7617
2080,4348.668
2081,7429.0703
2082,95460.58
2083,5852.009
2084,10906.411
2085,1870.0786
2086,5227.361
2087,8324.995
2088,2155.5144
2089,11707.201
2090,27427.434
2091,10148.3125
2092,2558.671
2093,1852.3662
2094,2309.314
2095,3693.721
2096,3158.0676
2097,1474.6703
2098,3077.4631
2099,2989.5688
2100,2597.325
2101,18627.79
2102,2293.2102
2103,1889.1234
2104,12756.155
2105,1820.939
2106,7942.2847
2107,20859.82
2108,9007.131
2109,3247.9207
2110,1902.5442
2111,4439.686
2112,3381.3855
2113,1700.6771
2114,1612.3416
2115,4279.805
2116,10977.107
2117,5119.3228
2118,1599.2313
2119,2352.6057
2120,2674.7473
2121,12524.832
2122,5235.598
2123,11055.439
2124,6324.3843
2125,2107.1675
2126,3593.3572
2127,2241.8472
2128,2043.5859
2129,4626.395
2130,178428.02
2131,9236.944
2132,23170.363
2133,2059.4229
2134,4314.173
2135,1600.6787
2136,1496.5941
2137,2117.8635
2138,2012.3018
2139,7012.2554
2140,14222.103
2141,52336.14
2142,3303.359
2143,10287.709
2144,9109.957
2145,1631.6589
2146,1605.7117
2147,1893.0537
2148,2456.6511
2149,52210.414
2150,3369.673
2151,7127.7065
2152,6156.936
2153,6212.851
2154,3130.8123
2155,5216.308
2156,3513.3896
2157,3362.3127
2158,3006.5862
2159,9040.348
2160,7087.261
2161,21288.953
2162,9017.344
2163,2636.0332
2164,4242.763
2165,2023.7324
2166,1688.689
2167,2413.6648
2168,7693.863
2169,3373.4353
2170,20989.33
2171,3669.7043
2172,5309.565
2173,6635.275
2174,1628.9086
2175,18060.473
2176,10631.3125
2177,10513.199
2178,9201.092
2179,18483.36
2180,35413.484
2181,10692.332
2182,6333.3496
2183,19412.59
2184,4835.2563
2185,3249.9805
2186,195554.7
2187,4938.842
2188,2920.9377
2189,4716.1245
2190,1714.9097
2191,2841.4534
2192,5760.739
2193,4378.531
2194,12748.156
2195,2039.5679
2196,1944.6965
2197,6461.129
2198,29429.973
2199,7619.0967
2200,41759.047
2201,2030.0948
2202,1918.0994
2203,19888.844
2204,7292.1978
2205,3272.2717
2206,2853.971
2207,12602.051
2208,2492.0862
2209,9141.119
2210,7620.597
2211,7049.0293
2212,208000.92
2213,10728.633
2214,6311.819
2215,1723.3037
2216,15844.822
2217,6266.401
2218,3771.5369
2219,2241.3918
2220,19010.266
2221,3223.3608
2222,4331.643
2223,4151.996
2224,3188.7197
2225,1568.5742
2226,1606.4038
2227,2815.1626
2228,3804.957
2229,3147.5188
2230,12308.468
2231,2297.753
2232,10436.924
2233,2547.0544
2234,1666.2966
2235,12181.52
2236,27572.596
2237,3615.7947
2238,12780.236
2239,4495.255
2240,5245.404
2241,1575.646
2242,1774.7336
2243,17312.834
2244,2946.708
2245,17433.762
2246,2152.4211
2247,3909.7676
2248,17436.328
2249,2556.3142
2250,24285.254
2251,8850.33
2252,2741.944
2253,3827.1985
2254,5201.546
2255,11065.97
2256,9061.737
2257,283454.16
2258,8607.406
2259,2446.5247
2260,2975.635
2261,34423.895
2262,7675.0674
2263,3692.5605
2264,7532.3647
2265,3616.6597
2266,7221.2544
2267,3114.5999
2268,7637.3394
2269,2371.8838
2270,3654.9534
2271,3658.6223
2272,5220.339
2273,22139.723
2274,1853.6488
2275,3643.9324
2276,3838.5413
2277,6271.2114
2278,4826.9595
2279,28859.426
2280,5002.2524
2281,2072.0007
2282,1883.8623
2283,12860.806
2284,27512.734
2285,3494.382
2286,12290.459
2287,11173.821
2288,3362.3655
2289,2093.2117
2290,2807.4153
2291,33518.14
2292,7821.5083
2293,5338.069
2294,6723.1235
2295,1710.5813
2296,2471.1572
2297,2689.8186
2298,2560.3474
2299,2152.6426
2300,1601.6968
2301,2820.2336
2302,7494.1255
2303,3737.1643
2304,1680.0168
2305,6746.4194
2306,5122.705
2307,3207.6506
2308,6384.5786
2309,23825.605
2310,3322.4292
2311,9963.596
2312,320678.53
2313,6246.3926
2314,6002.428
2315,3364.3303
2316,4328.4937
2317,9073.479
2318,79904.4
2319,3484.2366
2320,3237.0647
2321,53831.51
2322,218236.92
2323,6439.7817
2324,2859.7976
2325,3177.1628
2326,2984.478
2327,1763.692
2328,3282.246
2329,2134.8906
2330,6623.986
2331,2768.658
2332,1608.0682
2333,3396.1238
2334,2703.0732
2335,6760.0933
2336,22078.684
2337,2947.493
2338,2493.3008
2339,4429.722
2340,2452.4343
2341,1815.0525
2342,1731.1733
2343,4346.855
2344,19107.93
2345,2979.973
2346,2956.4028
2347,6214.0913
2348,12694.098
2349,24279.992
2350,4240.6274
2351,36270.984
2352,8744.232
2353,7671.2417
2354,2709.155
2355,3476.822
2356,5739.5024
2357,1956.5353
2358,11973.229
2359,3366.0383
2360,12593.511
2361,1878.1589
2362,1578.895
2363,10713.282
2364,6821.827
2365,5116.891
2366,2607.542
2367,3060.6926
2368,2753.177
2369,2391.6218
2370,13958.859
2371,15260.834
2372,4998.865
2373,80982.125
2374,4241.572
2375,3493.0593
2376,1817.8279
2377,4578.919
2378,2207.5022
2379,2247.76
2380,3724.6946
2381,5674.7603
2382,2565.6511
2383,5353.3403
2384,3621.0913
2385,2859.906
2386,1993.8716
2387,85882.164
2388,9112.8125
2389,1788.1709
2390,3326.2737
2391,2952.4177
2392,5174.486
2393,6181.9785
2394,4494.5415
2395,2735.6248
2396,2050.6467
2397,2433.2014
2398,3284.8723
2399,7370.219
2400,1628.4504
2401,7558.3853
2402,2789.5237
2403,6181.565
2404,1679.7998
2405,2870.273
2406,8923.484
2407,3557.4976
2408,3631.9817
2409,5820.7593
2410,9130.391
2411,4110.594
2412,36414.25
2413,9629.751
2414,2327.6262
2415,20591.633
2416,6098.036
2417,3321.5237
2418,4896.832
2419,96166.61
2420,7526.321
2421,8670.823
2422,9038.881
2423,1751.4055
2424,6245.0835
2425,7674.3896
2426,42944.44
2427,49078.33
2428,3121.3477
2429,1849.8843
2430,9240.03
2431,6390.7354
2432,6996.981
2433,7325.4067
2434,2908.4585
2435,3283.0676
2436,8531.76
2437,1517.5312
2438,3811.8733
2439,8837.859
2440,4295.684
2441,6463.3726
2442,6427.103
2443,1790.6703
2444,1451.1174
2445,5127.2354
2446,5707.9575
2447,23966.672
2448,20291.068
2449,2589.2317
2450,20271.926
2451,3117.8528
2452,5330.655
2453,10685.059
2454,2170.541
2455,4425.731
2456,1607.867
2457,29296.746
2458,4906.862
2459,11911.9375
2460,25232.254
2461,2642.2468
2462,2480.488
2463,2712.9407
2464,11048.846
2465,17363.936
2466,1747.1039
2467,3411.4744
2468,8973.252
2469,10171.59
2470,1952.427
2471,3691.1155
2472,11138.152
2473,1696.1807
2474,4207.6797
2475,2157.8748
2476,6453.239
2477,2181.9805
2478,2354.135
2479,3624.5593
2480,1568.8464
2481,2559.7617
2482,1841.065
2483,8308.602
2484,6432.149
2485,17751.441
2486,2201.5095
2487,3822.9187
2488,9024.1875
2489,4335.7397
2490,5549.7124
2491,5277.692
2492,3635.067
2493,10832.195
2494,21123.035
2495,5616.4497
2496,4774.6465
2497,20843.07
2498,6378.7417
2499,1841.54
2500,4205.5586
2501,3283.6543
2502,16565.379
2503,1798.4846
2504,3022.5134
2505,4399.2227
2506,15254.381
2507,2277.8538
2508,1771.0796
2509,17217.19
2510,2002.4592
2511,3021.3723
2512,12865.845
2513,6814.335
2514,2679.741
2515,2316.035
2516,14807.396
2517,20590.04
2518,3997.182
2519,3727.411
2520,22214.547
2521,9117.683
2522,33407.03
2523,9114.52
2524,5242.2905
2525,20011.512
2526,1874.0072
2527,3089.1987
2528,3021.4895
2529,17430.34
2530,5362.062
2531,8687.553
2532,1501.7534
2533,4519.9824
2534,7593.035
2535,29727.32
2536,4345.774
2537,9265.648
2538,4668.0527
2539,2805.5369
2540,1931.1956
2541,2786.2002
2542,9114.133
2543,5930.6094
2544,2541.324
2545,3464.9832
2546,5757.359
2547,20302.078
2548,2179.395
2549,12302.225
2550,12911.12
2551,15457.1
2552,9154.744
2553,9119.8125
2554,2979.969
2555,22871.824
2556,2080.8792
2557,3534.1487
2558,47460.68
2559,1938.0106
2560,12247.803
2561,3737.9895
2562,2029.7051
2563,2096.0662
2564,11128.596
2565,3672.7388
2566,14301.906
2567,3644.5632
2568,5343.0166
2569,2923.9236
2570,17923.66
2571,3387.9087
2572,4834.9634
2573,6273.0425
2574,3686.5522
2575,2254.5203
2576,24189.564
2577,14667.03
2578,1966.1812
2579,4427.858
2580,3869.193
2581,9151.364
2582,8468.057
2583,2542.11
2584,11717.041
2585,3004.3757
2586,17737.775
2587,1949.0873
2588,9188.639
2589,2689.2585
2590,13370.497
2591,2824.0493
2592,2045.4098
2593,16874.84
2594,5992.5835
2595,4965.0405
2596,3848.0686
2597,3921.921
2598,12552.637
2599,17487.283
2600,45480.36
2601,19137.172
2602,2036.4436
2603,7620.802
2604,4693.0806
2605,2102.1877
2606,1836.5841
2607,3363.2441
2608,1925.0707
2609,1668.0388
2610,2669.6072
2611,2583.2815
2612,11216.434
2613,2069.6045
2614,1577.4364
2615,2047.5574
2616,2468.3767
2617,6049.427
2618,34642.9
2619,2042.576
2620,5228.8716
2621,4388.602
2622,12287.83
2623,12249.094
2624,2309.0977
2625,126923.42
2626,1642.1438
2627,3047.4128
2628,17602.607
2629,3195.4739
2630,6340.41
2631,7720.9243
2632,10993.323
2633,1727.2174
2634,3144.8848
2635,19665.44
2636,4248.337
2637,2180.5203
2638,1632.9033
2639,2981.8706
2640,73531.61
2641,4167.642
2642,31656.562
2643,2685.0652
2644,3295.7979
2645,6312.0317
2646,9226.051
2647,1690.7615
2648,1793.06
2649,6406.771
2650,1829.0967
2651,2789.8313
2652,18244.38
2653,2831.5188
2654,5723.6694
2655,4920.399
2656,10864.666
2657,10166.064
2658,2781.7817
2659,3566.7173
2660,45600.867
2661,2226.011
2662,4356.3965
2663,7499.3525
2664,41087.273
2665,2586.8796
2666,56899.445
2667,1669.0789
2668,6281.2427
2669,1764.2037
2670,1554.1228
2671,5113.3057
2672,2153.514
2673,4057.7944
2674,12745.355
2675,4015.72
2676,1716.3595
2677,2402.9658
2678,42746.484
2679,83367.37
2680,4963.8037
2681,254801.17
2682,2993.447
2683,2642.7637
2684,6351.656
2685,11097.719
2686,3328.8962
2687,1711.416
2688,2005.7849
2689,83885.71
2690,3108.5322
2691,2687.0803
2692,7519.1235
2693,14966.395
2694,2944.1084
2695,3007.6262
2696,2012.3486
2697,7535.7114
2698,7039.3906
2699,4013.2278
2700,8533.056
2701,42232.516
2702,4524.5615
2703,3311.6667
2704,4416.0103
2705,2237.1675
2706,1659.9602
2707,1345.8492
2708,24128.258
2709,3202.6855
2710,3567.1194
2711,2225.6716
2712,22721.68
2713,2665.5557
2714,2277.0015
2715,7617.389
2716,32819.164
2717,3100.982
2718,2014.9451
2719,8235.62
2720,3306.4807
2721,9073.082
2722,27924.512
2723,17280.752
2724,5066.095
2725,4279.7476
2726,2675.635
2727,33996.68
2728,4396.074
2729,5353.557
2730,4247.6094
2731,20735.06
2732,14398.379
2733,3242.0845
2734,2846.3408
2735,12608.754
2736,1656.6564
2737,3648.996
2738,32394.043
2739,4140.822
2740,2286.9607
2741,22956.777
2742,9170.307
2743,7715.024
2744,36838.758
2745,2959.1904
2746,20969.719
2747,2254.861
2748,7388.039
2749,2163.7122
2750,2668.0142
2751,1710.4595
2752,3116.1882
2753,83506.1
2754,3718.6892
2755,4140.308
2756,2616.9832
2757,2159.696
2758,2354.9568
2759,276420.9
2760,7594.408
2761,7652.351
2762,2849.8057
2763,3612.761
2764,1802.5027
2765,3741.658
2766,5276.9785
2767,8806.619
2768,3453.9956
2769,1903.4989
2770,2700.8254
2771,7686.863
2772,7694.9556
2773,5905.7515
2774,2861.6885
2775,8806.567
2776,1636.3673
2777,51967.105
2778,2161.1472
2779,2746.4292
2780,6861.692
2781,1679.4463
2782,18488.703
2783,4375.0454
2784,1834.0623
2785,1800.6013
2786,3534.0847
2787,1647.6045
2788,4209.509
2789,2718.2234
2790,5802.717
2791,4178.287
2792,3058.3054
2793,5011.5005
2794,15292.152
2795,2104.2793
2796,2279.023
2797,14230.441
2798,2877.1208
2799,33658.742
2800,2781.2083
2801,6314.9404
2802,2496.2512
2803,15047.221
2804,2617.0964
2805,25175.348
2806,10641.498
2807,17803.184
2808,5350.3013
2809,21316.062
2810,15183.765
2811,4249.484
2812,12935.043
2813,1821.1951
2814,33310.78
2815,17944.346
2816,2929.922
2817,1603.9492
2818,17857.494
2819,2389.4478
2820,2318.219
2821,1878.3557
2822,4330.8193
2823,62026.32
2824,3276.1863
2825,6600.8735
2826,39589.543
2827,15220.719
2828,24295.707
2829,6392.278
2830,2371.301
2831,45591.605
2832,4080.9768
2833,405853.0
2834,3271.0515
2835,12143.41
2836,22635.742
2837,2924.4358
2838,3322.4915
2839,6235.1416
2840,1785.3356
2841,1598.314
2842,29387.102
2843,2483.7673
2844,7669.1714
2845,5302.0127
2846,4360.9946
2847,3740.5376
2848,3423.0193
2849,22943.012
2850,2398.79
2851,2034.42
2852,7653.2466
2853,19669.71
2854,21336.277
2855,2225.6372
2856,3684.0583
2857,16259.701
2858,1533.906
2859,15004.076
2860,6336.2305
2861,6039.883
2862,6232.7905
2863,5854.3267
2864,10045.458
2865,17775.924
2866,2097.91
2867,2491.9258
2868,2548.952
2869,9776.16
2870,11602.075
2871,2380.7524
2872,4285.0444
2873,14415.311
2874,10575.184
2875,3099.8542
2876,9115.057
2877,11062.387
2878,2532.9053
2879,4432.371
2880,7430.112
2881,2091.052
2882,4832.532
2883,3203.9138
2884,3778.336
2885,5264.918
2886,2804.1448
2887,12035.256
2888,4158.851
2889,2172.9104
2890,2938.4226
2891,4084.015
2892,2854.7148
2893,16287.912
2894,19311.73
2895,4403.3306
2896,28773.65
2897,7601.2803
2898,3205.0408
2899,4283.8296
2900,2680.7305
2901,2895.564
2902,191255.92
2903,24197.773
2904,3935.8818
2905,9933.001
2906,2610.0505
2907,10354.293
2908,15606.84
2909,3490.6985
2910,1641.8694
2911,8818.22
2912,3674.4592
2913,1679.6157
2914,22120.172
2915,1745.0698
2916,3262.6255
2917,74455.805
2918,1511.2628
2919,9769.3
2920,2678.948
2921,4871.7744
2922,4354.0327
2923,1589.2494
2924,2029.1444
2925,2937.0906
2926,3123.6838
2927,8005.4106
2928,1790.6636
2929,3673.07
2930,1582.5116
2931,2832.0005
2932,2776.11
2933,1652.9758
2934,4248.2207
2935,4036.884
2936,1828.676
2937,6160.039
2938,5041.244
2939,6213.32
2940,5250.116
2941,3808.1836
2942,25384.133
2943,93076.27
2944,1622.666
2945,1589.6113
2946,3066.0098
2947,9259.346
2948,58722.79
2949,1949.1697
2950,4048.5798
2951,19991.57
2952,2081.161
2953,9091.053
2954,4409.182
2955,5318.46
2956,14696.848
2957,2241.5188
2958,1774.0308
2959,22368.438
2960,2225.9138
2961,12318.586
2962,5115.5146
2963,2205.5237
2964,3233.0857
2965,1735.8826
2966,3166.7034
2967,19785.973
2968,4106.638
2969,26204.88
2970,4177.282
2971,2131.242
2972,10979.578
2973,8962.84
2974,2019.4407
2975,9085.925
2976,2088.0144
2977,3311.3457
2978,1788.5049
2979,10893.459
2980,8554.481
2981,84762.336
2982,91504.49
2983,2513.678
2984,11468.791
2985,7425.8247
2986,5368.854
2987,1728.2871
2988,3249.985
2989,1561.3452
2990,7642.608
2991,9161.471
2992,4204.0806
2993,2439.294
2994,3136.7405
2995,10903.204
2996,4767.9106
2997,4542.1255
2998,18348.441
2999,1838.865
3000,1593.4265
3001,457774.34
3002,2283.9978
3003,6408.0103
3004,12635.481
3005,2208.7522
3006,2192.8533
3007,3555.9424
3008,4458.594
3009,45196.195
3010,2541.8875
3011,11050.111
3012,4279.983
3013,3153.0725
3014,7582.0156
3015,85885.52
3016,2944.3765
3017,2030.2919
3018,44863.332
3019,8577.363
3020,3628.2148
3021,3013.702
3022,4251.766
3023,7364.4995
3024,4537.716
3025,4233.3765
3026,6236.268
3027,189926.36
3028,10363.318
3029,4813.4966
3030,4320.9097
3031,5257.646
3032,1923.3159
3033,3320.1404
3034,1607.3394
3035,3605.0945
3036,6513.8716
3037,8382.606
3038,2519.336
3039,9177.946
3040,4451.888
3041,2033.0043
3042,3096.203
3043,53840.727
3044,6459.7456
3045,10526.557
3046,2453.1204
3047,2996.9949
3048,47351.98
3049,47065.97
3050,2943.027
3051,2363.3333
3052,3806.6743
3053,7487.5786
3054,2099.9956
3055,2091.296
3056,7629.985
3057,6395.932
3058,2073.2268
3059,3549.2898
3060,4449.49
3061,5293.928
3062,2658.4026
3063,31046.904
3064,18949.832
3065,11926.129
3066,5146.3706
3067,2470.4214
3068,1706.3397
3069,4473.914
3070,7717.492
3071,2499.6057
3072,3801.314
3073,1642.5015
3074,4422.0464
3075,40305.664
3076,11055.873
3077,4577.401
3078,9005.873
3079,3562.1177
3080,4666.6597
3081,11778.102
3082,10773.137
3083,4293.1753
3084,4420.811
3085,5291.2197
3086,3673.2517
3087,17543.7
3088,3127.296
3089,3107.2964
3090,22077.879
3091,8303.409
3092,6431.8022
3093,2306.9573
3094,3216.3528
3095,8855.963
3096,3652.2354
3097,1658.8411
3098,1644.5945
3099,1604.124
3100,12328.524
3101,8190.057
3102,3588.7065
3103,23684.664
3104,6274.8394
3105,9983.645
3106,10975.147
3107,7502.4546
3108,1876.2546
3109,2990.4714
3110,5693.4644
3111,3791.5242
3112,69052.46
3113,49046.266
3114,4267.858
3115,68428.45
3116,3599.9685
3117,1661.915
3118,7383.6177
3119,31368.059
3120,22454.004
3121,16920.332
3122,46840.633
3123,4177.005
3124,61437.773
3125,4312.771
3126,11333.336
3127,3756.5386
3128,9129.415
3129,2302.5972
3130,5312.8115
3131,2197.1316
3132,3863.06
3133,9052.189
3134,22990.828
3135,3067.1123
3136,2976.0168
3137,5205.3696
3138,1678.6375
3139,4097.2397
3140,4268.8623
3141,4510.834
3142,1548.6537
3143,4448.0405
3144,10250.592
3145,24894.34
3146,2386.5432
3147,4252.3823
3148,3527.5737
3149,1716.955
3150,2163.4607
3151,3170.739
3152,2556.6724
3153,14084.104
3154,4333.853
3155,15266.275
3156,52681.074
3157,5231.501
3158,1379.3285
3159,6274.1987
3160,4431.9575
3161,4382.221
3162,2486.049
3163,2433.226
3164,9135.616
3165,35497.555
3166,3784.0776
3167,3549.7942
3168,5528.363
3169,4057.685
3170,2043.9854
3171,8815.256
3172,11077.539
3173,3151.9407
3174,2612.3455
3175,10636.695
3176,13353.497
3177,9270.195
3178,1611.7899
3179,4339.426
3180,5209.0854
3181,1639.56
3182,3310.93
3183,2461.6453
3184,3825.1716
3185,11145.837
3186,10893.179
3187,3541.806
3188,3280.369
3189,8947.157
3190,2123.1277
3191,13945.4375
3192,3724.3389
3193,9198.447
3194,4181.209
3195,31152.842
3196,4243.0015
3197,2024.9431
3198,3092.069
3199,3727.1458
3200,10934.326
3201,3305.2473
3202,12092.348
3203,23316.072
3204,4643.946
3205,2035.4955
3206,6350.655
3207,2841.6487
3208,22845.33
3209,1842.0212
3210,23047.338
3211,2904.708
3212,3846.7688
3213,14350.059
3214,1575.5698
3215,68720.66
3216,7624.05
3217,4414.114
3218,25925.844
3219,24530.52
3220,6233.986
3221,2631.4521
3222,2689.6963
3223,4071.8513
3224,2777.7822
3225,12678.088
3226,4300.3384
3227,2047.0427
3228,2217.5767
3229,2431.303
3230,2089.9812
3231,6318.5825
3232,3604.6848
3233,6904.129
3234,4004.2253
3235,6352.6396
3236,3298.4568
3237,2367.1697
3238,1678.9431
3239,4264.34
3240,18107.09
3241,3607.1946
3242,7702.8813
3243,1693.7816
3244,3050.8093
3245,45320.117
3246,1584.2334
3247,8983.042
3248,9204.796
3249,27438.094
3250,9726.129
3251,3137.2551
3252,4181.547
3253,5438.2734
3254,2239.4988
3255,3254.7236
3256,14520.732
3257,3420.3904
3258,14218.479
3259,21083.145
3260,5182.617
3261,1786.6523
3262,4681.99
3263,5258.3247
3264,2335.3555
3265,7643.8394
3266,2009.6914
3267,22376.025
3268,16305.584
3269,2110.614
3270,1697.6621
3271,2615.2966
3272,5282.9106
3273,2395.3457
3274,2683.988
3275,1636.7397
3276,1584.031
3277,10925.193
3278,7635.392
3279,8445.081
3280,2437.64
3281,49812.676
3282,8455.797
3283,1694.6787
3284,2091.8828
3285,12564.072
3286,40498.453
3287,41547.066
3288,4247.8354
3289,2624.6687
3290,7551.6704
3291,3340.3552
3292,4466.1987
3293,29726.205
3294,2038.8329
3295,2116.2964
3296,1606.9224
3297,1635.9232
3298,2617.5999
3299,6110.37
3300,1607.0001
3301,3592.3357
3302,17272.484
3303,6460.8574
3304,223975.56
3305,12294.16
3306,5256.6133
3307,20533.395
3308,15155.387
3309,2249.1096
3310,19231.385
3311,12400.329
3312,4405.2036
3313,10357.508
3314,10025.103
3315,1788.7927
3316,47703.82
3317,2146.791
3318,1727.4626
3319,2798.5984
3320,11353.848
3321,1585.8053
3322,12840.888
3323,4446.547
3324,2546.0251
3325,3706.0554
3326,4971.7065
3327,20948.54
3328,1714.7712
3329,3183.946
3330,27142.68
3331,6876.816
3332,92179.67
3333,3320.9778
3334,4077.328
3335,44918.688
3336,7378.474
3337,6340.776
3338,21633.463
3339,1771.7463
3340,3337.8254
3341,9183.639
3342,20706.863
3343,3654.2256
3344,17696.688
3345,4109.508
3346,3939.576
3347,20162.232
3348,1659.3209
3349,2710.3057
3350,47211.64
3351,9102.287
3352,1593.1576
3353,1484.6849
3354,8657.387
3355,1747.5602
3356,1763.718
3357,14815.674
3358,23239.984
3359,4374.866
3360,2780.6982
3361,2255.2937
3362,25936.248
3363,17936.203
3364,3065.363
3365,2142.453
3366,1793.0594
3367,152898.92
3368,2972.1545
3369,1610.7222
3370,1728.449
3371,2702.535
3372,9061.704
3373,1965.4117
3374,12867.632
3375,1595.0869
3376,28064.852
3377,3585.2217
3378,1677.7368
3379,15733.449
3380,2715.1692
3381,27716.402
3382,8895.529
3383,6273.7285
3384,2493.312
3385,27233.193
3386,2475.0227
3387,1660.6174
3388,5194.5356
3389,5112.15
3390,22077.617
3391,1747.7927
3392,7565.971
3393,1632.62
3394,2678.3564
3395,335620.84
3396,4171.8374
3397,1821.4204
3398,4458.0747
3399,2251.8005
3400,2518.9753
3401,3689.737
3402,21811.102
3403,7623.755
3404,3351.0286
3405,4394.1978
3406,3246.385
3407,7573.731
3408,2547.3472
3409,25543.414
3410,3135.4448
3411,15954.486
3412,6160.773
3413,54778.05
3414,7642.7173
3415,2566.2244
3416,5300.0986
3417,4439.97
3418,4513.786
3419,6105.7085
3420,5179.3926
3421,2356.722
3422,2832.4783
3423,8621.575
3424,2549.2217
3425,4811.3403
3426,190467.58
3427,9249.662
3428,115707.305
3429,17327.516
3430,20162.457
3431,26471.926
3432,6472.489
3433,2049.5767
3434,2686.689
3435,4048.2136
3436,9287.053
3437,2400.7827
3438,4311.6274
3439,1988.7393
3440,2971.9915
3441,3700.0334
3442,1599.3303
3443,48699.04
3444,1598.9878
3445,17881.709
3446,5386.0454
3447,11653.354
3448,6216.1587
3449,4104.308
3450,15397.585
3451,7660.308
3452,4120.7876
3453,62018.035
3454,85517.445
3455,18351.688
3456,10726.721
3457,106947.61
3458,26524.492
3459,2155.6775
3460,4156.0864
3461,2272.2366
3462,4273.3438
3463,3742.9639
3464,4509.4126
3465,1766.9882
3466,5054.9067
3467,1784.3752
3468,2935.4458
3469,2406.26
3470,14583.584
3471,1738.9995
3472,3811.274
3473,18052.184
3474,4213.0234
3475,10904.436
3476,2901.6091
3477,6018.6343
3478,8985.854
3479,3409.997
3480,1716.1433
3481,71354.984
3482,17754.797
3483,3680.265
3484,10796.711
3485,1826.5605
3486,1810.0767
3487,6329.6543
3488,1668.7478
3489,13938.461
3490,1670.5107
3491,47291.57
3492,1662.5928
3493,6192.06
3494,4381.3574
3495,24003.113
3496,24045.715
3497,9973.965
3498,7564.3677
3499,1663.1736
3500,7539.8228
3501,4943.553
3502,10452.539
3503,2584.9028
3504,22354.535
3505,36686.758
3506,1845.6458
3507,8217.324
3508,5585.8735
3509,5275.431
3510,2029.0999
3511,4509.148
3512,12297.753
3513,14841.682
3514,12620.457
3515,1676.358
3516,6838.943
3517,2215.847
3518,2177.5278
3519,3320.7942
3520,20620.6
3521,12683.581
3522,3702.5027
3523,2157.2805
3524,1645.0398
3525,1955.6704
3526,6224.893
3527,11739.413
3528,2311.1333
3529,4436.45
3530,10702.272
3531,6775.0903
3532,8541.467
3533,1610.5112
3534,4513.334
3535,3338.595
3536,5852.4795
3537,11936.008
3538,16874.78
3539,1873.3176
3540,12746.008
3541,11866.113
3542,4281.685
3543,6938.512
3544,7610.969
3545,15616.434
3546,7576.497
3547,1709.0852
3548,2149.3462
3549,8185.762
3550,1852.3849
3551,5349.5356
3552,7636.0806
3553,7319.106
3554,4086.8115
3555,13538.47
3556,4376.316
3557,1643.3076
3558,3207.828
3559,2111.343
3560,7833.0806
3561,5343.9004
3562,39655.613
3563,4195.562
3564,1592.8566
3565,4165.4556
3566,6212.601
3567,33282.977
3568,2095.4705
3569,32857.984
3570,9282.719
3571,6504.1235
3572,23403.582
3573,2348.4885
3574,10947.885
3575,3051.28
3576,2429.738
3577,3546.8232
3578,8968.65
3579,2948.6555
3580,4494.557
3581,2825.0388
3582,32496.996
3583,2279.06
3584,2240.8118
3585,14971.17
3586,20347.617
3587,15323.547
3588,17607.354
3589,1891.1
3590,5774.894
3591,36956.465
3592,5108.0186
3593,2985.4124
3594,2467.852
3595,3058.2698
3596,7454.4814
3597,11833.134
3598,2001.136
3599,3640.6067
3600,11818.471
3601,4368.0474
3602,1907.2233
3603,6052.9185
3604,11153.792
3605,1610.3105
3606,2607.3708
3607,3575.8728
3608,12292.21
3609,3718.989
3610,5556.299
3611,294323.94
3612,1385.677
3613,7676.107
3614,2324.612
3615,14727.207
3616,11862.632
3617,2538.513
3618,3384.0576
3619,1664.9584
3620,4225.886
3621,2090.0767
3622,10251.619
3623,4332.256
3624,12698.252
3625,2475.4998
3626,5018.4536
3627,2503.5398
3628,3074.7622
3629,6259.1167
3630,28329.824
3631,3448.8948
3632,1758.2476
3633,5302.727
3634,1368.8861
3635,2240.0476
3636,2517.8516
3637,2049.7246
3638,28970.984
3639,3337.6887
3640,5770.3
3641,23325.176
3642,3830.365
3643,2461.2644
3644,3385.111
3645,3268.6013
3646,8369.0625
3647,12627.706
3648,3365.3157
3649,146246.47
3650,12466.321
3651,45249.71
3652,4312.6943
3653,19266.441
3654,15219.787
3655,10673.626
3656,9483.629
3657,10166.034
3658,2468.0876
3659,4110.4365
3660,56916.156
3661,2994.277
3662,2793.1914
3663,8765.52
3664,3708.092
3665,23060.678
3666,4231.432
3667,2927.3423
3668,4085.2144
3669,1619.8096
3670,27810.67
3671,2763.269
3672,11132.086
3673,4487.8384
3674,5783.5933
3675,2632.5342
3676,3877.2253
3677,3680.0042
3678,2547.7925
3679,50753.293
3680,1591.4216
3681,1665.0785
3682,11051.636
3683,3032.5964
3684,9815.977
3685,3332.4346
3686,1817.445
3687,6020.315
3688,1700.2115
3689,3796.4844
3690,4845.5044
3691,3376.0242
3692,5629.2163
3693,5609.6104
3694,8495.846
3695,5679.3784
3696,5290.049
3697,7589.444
3698,2662.7395
3699,3193.4983
3700,17801.043
3701,4796.3467
3702,2412.534
3703,3279.984
3704,10829.279
3705,1656.9214
3706,17556.656
3707,6400.3247
3708,4259.772
3709,15621.033
3710,4171.096
3711,4815.9106
3712,8452.021
3713,9086.785
3714,10196.85
3715,1643.3196
3716,1639.9535
3717,15573.305
3718,27251.871
3719,1822.6677
3720,1411.4082
3721,2051.1245
3722,3303.2776
3723,2803.6108
3724,2076.7395
3725,1600.4353
3726,2326.384
3727,56506.766
3728,31642.389
3729,2492.9329
3730,3032.2498
3731,3817.3894
3732,12091.281
3733,4411.259
3734,3656.8982
3735,12348.074
3736,7328.0884
3737,1579.9702
3738,1696.3116
3739,4861.791
3740,4511.68
3741,18384.71
3742,17856.791
3743,2423.3691
3744,20730.385
3745,2521.3054
3746,15239.344
3747,1551.0668
3748,5189.413
3749,5199.806
3750,3005.7864
3751,7509.1675
3752,45815.742
3753,5215.049
3754,8653.199
3755,2456.22
3756,2138.0688
3757,297744.03
3758,3180.4172
3759,15160.426
3760,3196.1729
3761,1487.0773
3762,8882.826
3763,24123.887
3764,12876.225
3765,2171.4539
3766,17446.57
3767,3564.0532
3768,2920.7852
3769,1702.2126
3770,47755.035
3771,2635.3994
3772,3218.3362
3773,12784.047
3774,4124.7554
3775,1731.4457
3776,12386.19
3777,1752.5115
3778,4999.9136
3779,2152.1743
3780,3402.947
3781,7695.729
3782,7118.779
3783,27982.805
3784,1682.7397
3785,5388.012
3786,17925.316
3787,3180.143
3788,1732.7471
3789,8956.263
3790,3656.9397
3791,1439.7124
3792,49939.13
3793,2721.6733
3794,9161.781
3795,2654.691
3796,1568.2313
3797,2138.5156
3798,5319.916
3799,7637.8145
3800,1662.0977
3801,4482.2256
3802,3728.6423
3803,12888.745
3804,28751.523
3805,6397.724
3806,8775.898
3807,2339.1646
3808,12749.905
3809,5281.4517
3810,7414.36
3811,7425.532
3812,3373.5374
3813,1805.5266
3814,38841.65
3815,9231.33
3816,2433.722
3817,21485.768
3818,7185.8853
3819,60504.805
3820,14679.107
3821,3634.664
3822,2424.9836
3823,4294.628
3824,3431.928
3825,1606.2125
3826,7314.134
3827,7714.562
3828,1670.6067
3829,8358.08
3830,3509.8264
3831,4559.468
3832,3177.9983
3833,4017.6768
3834,1626.5493
3835,25127.914
3836,5598.176
3837,2635.6238
3838,2929.4778
3839,7613.5024
3840,3114.4126
3841,8609.471
3842,7624.4497
3843,5287.967
3844,1751.6458
3845,25108.45
3846,2550.383
3847,5263.9766
3848,3248.5874
3849,3216.3647
3850,2537.4534
3851,2656.6165
3852,2847.4937
3853,21772.352
3854,3150.4072
3855,2857.5564
3856,3202.5354
3857,2063.096
3858,3650.6292
3859,6765.99
3860,7725.9272
3861,2695.0486
3862,1737.7186
3863,45909.63
3864,3036.216
3865,12575.132
3866,4033.886
3867,2709.4294
3868,3189.7102
3869,7506.475
3870,133854.11
3871,3743.6223
3872,1793.0276
3873,9079.68
3874,11677.377
3875,1491.0659
3876,2417.697
3877,1841.1699
3878,1624.9684
3879,3962.1436
3880,7613.252
3881,2429.473
3882,6406.1743
3883,4457.0728
3884,9158.701
3885,1584.2925
3886,18128.594
3887,2666.4363
3888,3302.6873
3889,172380.2
3890,4241.4604
3891,1658.9775
3892,9225.238
3893,3671.3262
3894,30172.2
3895,13495.278
3896,2522.397
3897,40407.32
3898,9083.611
3899,1527.6792
3900,16983.016
3901,18318.027
3902,2492.1272
3903,2277.6382
3904,3735.9695
3905,22665.684
3906,2467.4116
3907,2849.8276
3908,2638.8801
3909,2611.1184
3910,30191.8
3911,8916.566
3912,47729.582
3913,1789.0012
3914,1594.0161
3915,6382.148
3916,2147.995
3917,3040.945
3918,5716.4087
3919,51820.164
3920,2364.8584
3921,9186.128
3922,4053.0237
3923,22049.807
3924,2235.614
3925,14685.266
3926,18251.12
3927,5115.2617
3928,12236.6
3929,12370.42
3930,4092.4475
3931,7674.1694
3932,11132.803
3933,2150.7998
3934,3216.5369
3935,6173.1763
3936,6479.8022
3937,5368.3003
3938,9163.336
3939,3702.413
3940,3044.4084
3941,21073.031
3942,8741.936
3943,5334.3853
3944,1919.0612
3945,3847.6023
3946,2726.774
3947,6399.725
3948,2239.8757
3949,12486.332
3950,7698.978
3951,3564.2302
3952,1617.4497
3953,1694.4373
3954,291114.97
3955,35909.047
3956,2264.7195
3957,3693.8625
3958,3905.7102
3959,15225.003
3960,2227.7312
3961,1660.1263
3962,9198.775
3963,3720.9612
3964,8775.236
3965,56893.688
3966,5428.015
3967,11442.832
3968,28614.8
3969,3769.0872
3970,5380.489
3971,9218.461
3972,5134.7817
3973,99911.99
3974,7570.8306
3975,2127.7542
3976,9051.727
3977,6479.989
3978,47772.504
3979,44181.82
3980,2313.922
3981,2760.733
3982,4430.315
3983,4067.7283
3984,9097.318
3985,5474.6416
3986,3127.98
3987,4032.7734
3988,20579.123
3989,42745.91
3990,7899.9224
3991,7646.418
3992,3741.3096
3993,1737.2202
3994,2193.4329
3995,4312.5996
3996,1839.5951
3997,23393.662
3998,39589.766
3999,2344.9597
4000,2406.3757
4001,7672.932
4002,3250.9817
4003,6877.8267
4004,2462.3367
4005,1412.9272
4006,18282.996
4007,141907.73
4008,9194.039
4009,1968.4033
4010,4204.4297
4011,2853.8132
4012,3289.2554
4013,12263.169
4014,10363.541
4015,22729.912
4016,2706.0708
4017,10986.194
4018,18290.22
4019,7027.0044
4020,1726.7913
4021,3630.247
4022,2881.9343
4023,48279.16
4024,2705.6624
4025,59003.977
4026,1501.5106
4027,2415.53
4028,2386.1013
4029,4055.1746
4030,54771.324
4031,10854.693
4032,19397.492
4033,14335.112
4034,16901.332
4035,10960.029
4036,21570.31
4037,3383.6787
4038,1653.7297
4039,7522.0737
4040,9129.17
4041,42368.855
4042,18053.957
4043,30680.691
4044,20471.945
4045,2516.5764
4046,4191.2905
4047,1738.3173
4048,19421.395
4049,5218.181
4050,18581.24
4051,2845.9749
4052,1966.8271
4053,14514.959
4054,1667.9264
4055,23413.305
4056,2186.2405
4057,1999.1233
4058,2179.5017
4059,29243.516
4060,8956.109
4061,3632.731
4062,5661.4893
4063,3722.4392
4064,2061.2896
4065,1839.6743
4066,15225.397
4067,24336.465
4068,46296.145
4069,2236.969
4070,2300.617
4071,107378.03
4072,29952.145
4073,5168.9277
4074,5700.984
4075,5942.7773
4076,9163.362
4077,1990.7921
4078,9287.525
4079,3111.1736
4080,7615.638
4081,14921.1
4082,27428.965
4083,23231.555
4084,19812.61
4085,2553.7898
4086,2960.606
4087,5339.803
4088,5518.3374
4089,3211.999
4090,1921.5049
4091,4318.16
4092,5984.0063
4093,4324.84
4094,1374.3806
4095,1733.9407
4096,4954.352
4097,11064.424
4098,12338.998
4099,3370.595
4100,2802.666
4101,2937.0554
4102,1612.6049
4103,6376.5938
4104,5104.1416
4105,1861.8718
4106,2964.9158
4107,6409.9087
4108,1622.9299
4109,7944.6333
4110,4245.065
4111,7567.724
4112,3002.7583
4113,2654.3215
4114,3869.933
4115,5102.439
4116,3092.3074
4117,27980.266
4118,1741.0618
4119,16770.543
4120,7407.1743
4121,8872.707
4122,5331.5845
4123,4704.278
4124,5502.2095
4125,3108.9426
4126,6321.8433
4127,23358.854
4128,1669.1719
4129,7675.8345
4130,44987.668
4131,244559.34
4132,2494.8167
4133,2503.9392
4134,15163.238
4135,10075.366
4136,2157.1765
4137,22968.18
4138,6395.728
4139,2626.5664
4140,2964.282
4141,2975.732
4142,6274.497
4143,2796.652
4144,3761.6448
4145,2537.214
4146,1791.3185
4147,3499.5193
4148,7004.2163
4149,20663.227
4150,7198.067
4151,118398.32
4152,2828.0437
4153,12048.9375
4154,6212.5405
4155,90719.12
4156,8800.275
4157,3733.6638
4158,1629.8599
4159,3382.8057
4160,7319.8364
4161,3213.629
4162,5118.436
4163,1675.7942
4164,14910.609
4165,12827.656
4166,1706.1941
4167,37203.305
4168,2958.1094
4169,5662.7607
4170,5161.366
4171,1718.3557
4172,2352.2473
4173,2423.4353
4174,10807.318
4175,1911.564
4176,89413.32
4177,20605.79
4178,2806.5085
4179,10605.42
4180,7630.4185
4181,3216.293
4182,2144.3083
4183,7369.317
4184,11542.729
4185,12582.196
4186,5907.722
4187,2236.3137
4188,15148.671
4189,1860.4668
4190,4386.319
4191,2569.0645
4192,9958.2705
4193,1654.3202
4194,7317.347
4195,1839.8748
4196,22566.918
4197,1893.9862
4198,1697.1538
4199,24362.602
4200,10512.918
4201,1723.2106
4202,3667.1228
4203,20130.729
4204,4423.645
4205,1584.376
4206,49286.566
4207,3026.7632
4208,1934.214
4209,1958.2856
4210,2721.4214
4211,4150.738
4212,6128.709
4213,1622.1676
4214,6557.7437
4215,1580.9565
4216,2895.0154
4217,3808.647
4218,6012.4434
4219,10971.564
4220,1648.0115
4221,22617.746
4222,1752.7571
4223,4042.3608
4224,2041.5627
4225,1652.8435
4226,5975.895
4227,7511.5366
4228,46090.895
4229,3291.555
4230,1724.3833
4231,14874.65
4232,1713.2556
4233,5323.445
4234,2812.1594
4235,8128.345
4236,7593.244
4237,10831.074
4238,1566.6718
4239,2043.8824
4240,9099.01
4241,30720.79
4242,1243.397
4243,4396.9165
4244,3300.677
4245,7402.0874
4246,11070.549
4247,2345.1257
4248,4311.9575
4249,8517.018
4250,1736.5239
4251,11401.51
4252,3278.1643
4253,29399.84
4254,1650.51
4255,1726.0315
4256,2544.3318
4257,10731.945
4258,13173.852
4259,4916.746
4260,7437.814
4261,7792.5894
4262,3067.4924
4263,2206.3452
4264,27592.734
4265,1513.9021
4266,26066.129
4267,15310.507
4268,6189.519
4269,5278.8354
4270,1472.0642
4271,43119.273
4272,4173.815
4273,2136.091
4274,2685.4314
4275,7336.397
4276,12708.92
4277,68196.77
4278,15377.886
4279,4259.538
4280,12844.653
4281,3979.9043
4282,1497.1711
4283,3520.6135
4284,1594.1665
4285,6352.909
4286,7060.989
4287,5104.267
4288,10786.163
4289,3206.159
4290,4254.9434
4291,1697.6307
4292,7484.6216
4293,2288.7244
4294,19837.904
4295,7605.7515
4296,15259.296
4297,120832.32
4298,3284.7234
4299,6271.42
4300,51772.83
4301,3192.4724
4302,2038.3203
4303,3007.6052
4304,18213.324
4305,2489.067
4306,20582.168
4307,1935.5833
4308,3366.6912
4309,3203.5398
4310,2187.3264
4311,4629.3696
4312,3416.2812
4313,4292.975
4314,65233.285
4315,5301.348
4316,2067.7678
4317,6312.009
4318,3821.4146
4319,3250.9216
4320,32775.355
4321,14850.182
4322,16878.676
4323,6794.7837
4324,3985.43
4325,1594.6794
4326,1584.8069
4327,13846.19
4328,7532.627
4329,3724.6135
4330,2367.9087
4331,1566.3022
4332,8336.552
4333,1790.9893
4334,24328.57
4335,2280.2244
4336,9153.3125
4337,4356.405
4338,3750.3215
4339,2382.0754
4340,3621.5955
4341,27861.451
4342,3331.9744
4343,1889.7537
4344,1971.5443
4345,1770.9966
4346,4901.886
4347,2624.4216
4348,3932.413
4349,3140.182
4350,9441.577
4351,3266.3218
4352,43831.633
4353,4240.526
4354,1666.49
4355,1804.7507
4356,1615.71
4357,1605.6584
4358,22335.12
4359,2867.922
4360,3042.4602
4361,1270.9703
4362,16962.207
4363,2066.948
4364,3500.8733
4365,1807.5841
4366,17549.77
4367,3253.362
4368,2885.2754
4369,6295.729
4370,2605.59
4371,3483.9077
4372,1581.2778
4373,15400.953
4374,8825.592
4375,2967.075
4376,1591.9753
4377,3080.279
4378,1878.8384
4379,2292.5496
4380,6860.6934
4381,14404.217
4382,2173.6775
4383,4443.315
4384,6253.28
4385,7676.719
4386,13855.551
4387,3578.949
4388,3821.5715
4389,3573.016
4390,5084.9634
4391,2816.1357
4392,15951.736
4393,1846.344
4394,3721.0598
4395,9222.419
4396,151645.02
4397,2374.4631
4398,15552.5625
4399,3361.0088
4400,2704.4922
4401,2038.1268
4402,3174.675
4403,2578.8528
4404,3594.2957
4405,2372.1582
4406,7399.1636
4407,2375.1492
4408,1804.8943
4409,4148.1567
4410,6493.386
4411,1691.811
4412,3199.678
4413,10831.041
4414,2837.3206
4415,1921.7781
4416,40098.29
4417,7670.6416
4418,6139.7593
4419,22827.053
4420,22407.531
4421,18374.516
4422,12276.878
4423,1735.2461
4424,2274.3638
4425,17941.855
4426,166533.28
4427,8178.7456
4428,73435.29
4429,4525.724
4430,2358.6135
4431,65234.297
4432,17858.57
4433,4063.816
4434,3345.4607
4435,3246.1592
4436,6502.9067
4437,9186.516
4438,2558.7698
4439,4697.593
4440,12513.432
4441,15428.23
4442,2004.773
4443,7504.5645
4444,2397.7126
4445,4268.2617
4446,1692.9712
4447,4319.529
4448,17477.82
4449,12543.1045
4450,3226.849
4451,1589.9192
4452,3701.5044
4453,19488.291
4454,5175.5874
4455,2690.0234
4456,4620.0986
4457,1557.9994
4458,2648.165
4459,7657.3066
4460,58936.367
4461,12062.568
4462,4482.969
4463,3326.1597
4464,1731.4583
4465,1670.8428
4466,27598.492
4467,3747.2722
4468,6205.654
4469,3697.6023
4470,2915.3293
4471,1627.2979
4472,2171.4631
4473,15005.998
4474,1686.8247
4475,1656.5896
4476,3353.7766
4477,2544.0796
4478,4449.1655
4479,1799.5896
4480,72274.56
4481,1979.9272
4482,1665.7859
4483,5200.3706
4484,2671.6921
4485,4233.388
4486,4302.796
4487,2764.0872
4488,6321.2925
4489,12773.642
4490,2619.8584
4491,6264.197
4492,8234.088
4493,5295.2183
4494,1922.3634
4495,2593.9348
4496,9027.611
4497,2102.3452
4498,24407.203
4499,4178.2065
4500,3637.5515
4501,11392.944
4502,1770.7898
4503,17390.625
4504,22097.95
4505,5890.6626
4506,8305.02
4507,87996.89
4508,10684.671
4509,2239.7507
4510,1723.2272
4511,27646.277
4512,3902.3079
4513,2306.3523
4514,3609.2961
4515,3095.6794
4516,9207.93
4517,21691.547
4518,6236.153
4519,2948.3274
4520,6307.179
4521,2676.0498
4522,3664.2896
4523,4646.6997
4524,5335.6543
4525,7186.1416
4526,1862.334
4527,2286.7185
4528,4179.4136
4529,6306.283
4530,4285.9214
4531,5277.3306
4532,3928.0608
4533,42281.55
4534,1939.8882
4535,1621.7656
4536,4282.556
4537,7371.264
4538,2571.4365
4539,3641.3499
4540,1669.8893
4541,4265.1294
4542,12517.633
4543,3170.848
4544,3654.0852
4545,24429.098
4546,3361.247
4547,2320.1765
4548,9197.761
4549,7441.503
4550,36950.71
4551,1993.1377
4552,4868.3096
4553,5236.5454
4554,7534.7573
4555,10578.9
4556,9178.011
4557,2888.3289
4558,24313.254
4559,4339.1216
4560,12601.012
4561,36507.332
4562,2578.4587
4563,1929.5254
4564,1912.9548
4565,1659.6112
4566,5604.2563
4567,16888.523
4568,27128.885
4569,12509.551
4570,9025.391
4571,9026.744
4572,2063.9263
4573,22463.777
4574,14815.967
4575,7138.815
4576,1791.5123
4577,15896.551
4578,49788.17
4579,10808.793
4580,6764.5996
4581,3037.295
4582,3067.967
4583,1731.5964
4584,1803.2814
4585,7554.4062
4586,1997.0574
4587,1918.4376
4588,3584.945
4589,9027.137
4590,35940.36
4591,3766.3372
4592,4399.7056
4593,3818.2947
4594,10802.457
4595,10045.23
4596,1779.0276
4597,21754.602
4598,2921.7102
4599,2798.056
4600,21205.09
4601,4992.2534
4602,22560.496
4603,18030.777
4604,18360.602
4605,4224.9634
4606,8277.936
4607,5228.1226
4608,3686.01
4609,3045.245
4610,12887.595
4611,5663.882
4612,17855.05
4613,6501.902
4614,1749.0688
4615,14829.518
4616,1506.7776
4617,1742.8722
4618,4403.7656
4619,8524.184
4620,4219.4985
4621,6429.177
4622,34090.49
4623,8592.311
4624,21607.95
4625,2431.4827
4626,3708.0068
4627,2169.204
4628,10911.119
4629,1655.4111
4630,2444.3184
4631,2974.1116
4632,9185.217
4633,8232.814
4634,46965.66
4635,5396.0425
4636,17453.965
4637,1608.3302
4638,2582.7866
4639,3485.0435
4640,3197.8113
4641,26930.354
4642,3291.028
4643,22048.275
4644,6391.3237
4645,1734.3552
4646,18461.965
4647,12308.25
4648,1612.8066
4649,3728.985
4650,3811.3967
4651,2692.1309
4652,2935.2158
4653,3144.6501
4654,19435.047
4655,2996.047
4656,58532.734
4657,3350.4575
4658,118975.336
4659,3194.2925
4660,2819.2146
4661,2225.881
4662,20368.703
4663,2742.7888
4664,4095.3796
4665,2177.7136
4666,3224.7595
4667,7909.2046
4668,22268.098
4669,2391.0168
4670,4287.3877
4671,6287.5747
4672,8588.063
4673,4964.8765
4674,17214.145
4675,4078.3743
4676,122411.21
4677,4275.2827
4678,6943.221
4679,3395.7542
4680,2453.5745
4681,18194.678
4682,3028.8162
4683,6926.471
4684,4284.9985
4685,3066.479
4686,9141.012
4687,3865.6096
4688,7547.696
4689,20689.16
4690,7504.4077
4691,2116.4583
4692,1688.7913
4693,2700.1858
4694,1989.8702
4695,11476.793
4696,2932.2742
4697,7969.563
4698,1701.0557
4699,18882.43
4700,3111.316
4701,34522.426
4702,11196.241
4703,2846.341
4704,21393.283
4705,16110.602
4706,6075.5723
4707,1662.6499
4708,8299.217
4709,14170.407
4710,4878.5396
4711,1811.924
4712,3295.5764
4713,2220.366
4714,7111.6064
4715,1551.1746
4716,5117.6553
4717,2511.78
4718,2466.1248
4719,9144.787
4720,22024.934
4721,4194.3154
4722,84053.71
4723,12438.552
4724,4123.2593
4725,1600.4208
4726,14660.641
4727,23130.754
4728,9908.852
4729,18169.45
4730,2044.9524
4731,45256.746
4732,9317.293
4733,2670.9995
4734,1474.5797
4735,3762.6396
4736,2936.3433
4737,1381.9105
4738,1419.7908
4739,35713.484
4740,10322.529
4741,5159.8994
4742,7019.443
4743,2734.1128
4744,181786.72
4745,47233.445
4746,15488.232
4747,13590.894
4748,4505.6597
4749,4247.1665
4750,10798.592
4751,6361.6084
4752,3335.5164
4753,2929.5842
4754,3560.6533
4755,6420.0503
4756,1696.8594
4757,2208.068
4758,2908.619
4759,4239.637
4760,4194.722
4761,14635.265
4762,2190.33
4763,1625.3618
4764,2353.8123
4765,1790.3983
4766,1709.4713
4767,1807.5486
4768,7164.3604
4769,3446.0051
4770,2897.034
4771,2800.4368
4772,1717.5642
4773,9160.896
4774,4106.5107
4775,2187.2334
4776,2669.5637
4777,5292.665
4778,3359.9263
4779,1868.4495
4780,3630.3284
4781,12010.714
4782,3698.7097
4783,2226.7478
4784,8362.076
4785,1678.3872
4786,11067.983
4787,1980.1823
4788,10415.7
4789,7617.354
4790,2982.922
4791,4419.3394
4792,12742.936
4793,3563.7898
4794,6398.648
4795,2470.0823
4796,4322.7935
4797,14461.79
4798,2550.6501
4799,16237.4
4800,2073.174
4801,28690.217
4802,38268.992
4803,2398.8113
4804,3257.3293
4805,6718.9243
4806,18077.203
4807,1623.2263
4808,9088.251
4809,7637.2495
4810,11054.723
4811,3142.7368
4812,1739.2273
4813,22911.43
4814,5355.355
4815,4400.2554
4816,2991.0024
4817,2410.2866
4818,14813.032
4819,4234.4844
4820,6160.4976
4821,3145.8445
4822,1526.7301
4823,33141.234
4824,4946.207
4825,52275.41
4826,7712.6587
4827,1577.9246
4828,3884.2502
4829,1673.9946
4830,9126.045
4831,8293.861
4832,4353.696
4833,5852.9556
4834,6447.0083
4835,11084.83
4836,3531.8723
4837,8113.225
4838,2323.0803
4839,3704.721
4840,3938.0774
4841,3176.4534
4842,3272.6829
4843,2917.7302
4844,14905.366
4845,28757.104
4846,6320.4087
4847,30224.035
4848,7656.77
4849,6450.9253
4850,19143.193
4851,2056.242
4852,3100.757
4853,7632.1064
4854,2578.7168
4855,2337.5464
4856,14138.398
4857,1819.5083
4858,2505.9863
4859,5653.058
4860,15151.055
4861,4932.5728
4862,7694.085
4863,3108.8948
4864,3373.0679
4865,1567.767
4866,42106.14
4867,7605.471
4868,9162.299
4869,16884.547
4870,1938.7126
4871,44885.35
4872,19065.803
4873,4508.728
4874,8471.273
4875,19823.504
4876,1672.2777
4877,3665.5918
4878,1659.1248
4879,11012.658
4880,15060.339
4881,2705.352
4882,1748.3289
4883,4588.3403
4884,2403.261
4885,9124.667
4886,55374.05
4887,9071.871
4888,2147.8535
4889,15720.173
4890,21430.617
4891,1664.262
4892,9146.167
4893,2173.108
4894,1618.7224
4895,1590.7361
4896,58610.062
4897,3689.9595
4898,4336.4727
4899,22576.102
4900,2664.6416
4901,1768.8917
4902,9131.818
4903,6213.9536
4904,7663.9946
4905,3019.5593
4906,2222.0833
4907,1556.4766
4908,11001.172
4909,2530.9404
4910,28706.701
4911,4373.195
4912,2564.2332
4913,15207.631
4914,2925.4043
4915,1901.2756
4916,7451.7524
4917,14034.334
4918,1921.2163
4919,1577.8181
4920,14688.705
4921,4171.959
4922,1762.6218
4923,6484.5034
4924,1910.6776
4925,4438.4927
4926,8032.525
4927,3070.2278
4928,2973.905
4929,15134.309
4930,2056.05
4931,2624.3037
4932,12386.316
4933,3309.0867
4934,2146.4822
4935,3859.5579
4936,1664.9512
4937,5337.7314
4938,3695.8152
4939,109631.38
4940,6424.066
4941,4946.4785
4942,6114.518
4943,2978.9333
4944,4342.646
4945,2559.5386
4946,2063.2563
4947,1939.793
4948,9090.014
4949,3115.6714
4950,12600.6
4951,2367.5725
4952,2643.7742
4953,208173.77
4954,4654.464
4955,9243.261
4956,5608.9487
4957,3747.1155
4958,4716.0273
4959,71150.805
4960,2966.9836
4961,83007.99
4962,11270.601
4963,1597.2759
4964,1539.1055
4965,2724.8552
4966,4169.857
4967,5417.2544
4968,1788.6039
4969,23040.926
4970,4293.3315
4971,3326.2905
4972,2700.1047
4973,2070.44
4974,4198.884
4975,3111.6633
4976,34230.14
4977,2832.9724
4978,35548.734
4979,5826.5024
4980,2113.4941
4981,20602.95
4982,6652.0674
4983,9589.4795
4984,4455.0723
4985,1996.8203
4986,9799.703
4987,1817.9471
4988,18669.787
4989,6449.3237
4990,1752.6128
4991,22351.492
4992,3280.8142
4993,8410.208
4994,3084.6746
4995,2381.6584
4996,2228.8347
4997,1683.4614
4998,3892.8025
4999,12764.428
5000,3195.5105
5001,2293.2173
5002,4414.481
5003,19381.361
5004,4973.3364
5005,1717.5522
5006,1705.437
5007,6953.263
5008,7296.2036
5009,80505.805
5010,2248.5417
5011,22574.799
5012,15351.762
5013,1656.2198
5014,10997.315
5015,10868.027
5016,1793.4999
5017,1688.2521
5018,5687.3687
5019,3334.597
5020,3269.3586
5021,36876.484
5022,11922.766
5023,11837.607
5024,67214.695
5025,3644.394
5026,17528.262
5027,20566.389
5028,1721.2019
5029,5640.1396
5030,1577.2429
5031,18475.072
5032,3248.4685
5033,15270.178
5034,2052.9036
5035,52557.746
5036,7664.8447
5037,1674.73
5038,14092.387
5039,9137.115
5040,3826.3396
5041,2391.2417
5042,1770.6012
5043,5774.529
5044,7642.969
5045,2055.705
5046,6837.2734
5047,4429.97
5048,1734.0544
5049,3126.9417
5050,3545.9402
5051,7545.235
5052,1943.1162
5053,7790.324
5054,2358.8176
5055,13249.068
5056,7388.892
5057,8729.811
5058,4501.732
5059,4206.4746
5060,2248.0405
5061,9193.605
5062,2188.619
5063,19319.62
5064,7658.997
5065,2297.479
5066,8237.922
5067,5204.8516
5068,1747.5173
5069,3042.05
5070,3251.0369
5071,1755.5865
5072,6964.5815
5073,4365.898
5074,2293.0398
5075,1881.2544
5076,7558.2754
5077,5277.2544
5078,7175.2456
5079,13784.699
5080,1542.3401
5081,1949.2275
5082,20317.477
5083,5889.434
5084,1862.2527
5085,33969.72
5086,3184.6414
5087,2031.3271
5088,7531.3813
5089,16591.865
5090,1611.8562
5091,6992.1724
5092,5281.589
5093,10767.216
5094,17782.041
5095,2091.1128
5096,4973.473
5097,25308.516
5098,1898.5375
5099,1708.2556
5100,2953.795
5101,4177.1987
5102,6454.725
5103,18596.512
5104,79629.77
5105,3647.0803
5106,31982.627
5107,1670.3513
5108,11107.363
5109,1761.4514
5110,42732.227
5111,1599.941
5112,2260.1726
5113,2177.2786
5114,31906.844
5115,2511.7405
5116,3883.8425
5117,4379.109
5118,7678.1763
5119,2234.6191
5120,3702.8372
5121,3418.2844
5122,3549.5212
5123,2384.476
5124,5238.3066
5125,25445.594
5126,4686.5093
5127,10582.485
5128,5279.6357
5129,2866.0835
5130,2830.6975
5131,3608.281
5132,19899.121
5133,4318.9146
5134,14863.095
5135,12557.593
5136,74507.23
5137,8420.603
5138,1518.625
5139,3752.0356
5140,2301.1099
5141,8666.191
5142,3167.1653
5143,8945.832
5144,3208.3567
5145,9781.396
5146,5359.649
5147,15188.449
5148,3567.751
5149,4021.7117
5150,2304.8123
5151,5710.5864
5152,29243.662
5153,2646.7576
5154,2523.5107
5155,18230.617
5156,2844.4053
5157,7627.087
5158,8205.951
5159,5292.0273
5160,12479.033
5161,12195.355
5162,2946.3267
5163,25712.756
5164,1945.6813
5165,1612.7852
5166,2915.8125
5167,5027.7524
5168,1841.3745
5169,2894.428
5170,10706.506
5171,15660.943
5172,12601.197
5173,2339.2913
5174,3103.4167
5175,33884.508
5176,3094.133
5177,2762.2737
5178,5209.645
5179,10995.723
5180,2381.4724
5181,2372.5383
5182,5024.5684
5183,1586.7583
5184,9156.322
5185,4098.433
5186,14370.351
5187,39982.934
5188,5254.323
5189,141671.38
5190,2231.6907
5191,1947.4126
5192,7638.679
5193,12703.398
5194,4354.605
5195,3382.3352
5196,1559.6853
5197,1939.8912
5198,3187.3525
5199,2091.4797
5200,3428.6418
5201,3303.7627
5202,4276.071
5203,2904.45
5204,3271.332
5205,9119.02
5206,6238.911
5207,1817.1528
5208,2324.2957
5209,2099.2314
5210,42414.61
5211,2770.5989
5212,3159.3528
5213,14615.756
5214,2009.3562
5215,2205.8809
5216,7687.829
5217,29383.3
5218,7602.0254
5219,51617.254
5220,21413.133
5221,103721.945
5222,2540.4624
5223,63411.54
5224,2902.1057
5225,2467.6772
5226,1659.0928
5227,4010.701
5228,43290.594
5229,10864.569
5230,8815.568
5231,6218.3345
5232,9049.808
5233,3937.0122
5234,6205.6704
5235,10673.367
5236,7674.696
5237,3482.3782
5238,9130.397
5239,2047.8436
5240,21094.615
5241,2778.1287
5242,2432.6907
5243,136512.05
5244,5377.161
5245,2644.0774
5246,4049.1416
5247,9143.56
5248,13299.249
5249,24653.385
5250,16979.318
5251,1676.2495
5252,87396.36
5253,22255.346
5254,2027.3864
5255,3730.7166
5256,6344.06
5257,6293.3545
5258,60741.86
5259,13884.24
5260,31179.97
5261,1836.997
5262,26319.215
5263,2349.8772
5264,25226.697
5265,52030.74
5266,45179.11
5267,2233.908
5268,1731.364
5269,5229.07
5270,4284.3345
5271,1603.686
5272,23469.584
5273,7642.8423
5274,3594.9924
5275,3314.4146
5276,2722.8772
5277,1658.681
5278,10432.006
5279,2610.8674
5280,1632.6162
5281,3599.8643
5282,3734.3298
5283,2833.5813
5284,14657.523
5285,3730.9
5286,13675.595
5287,4317.601
5288,2147.0713
5289,6617.7446
5290,3017.8718
5291,3132.024
5292,7550.696
5293,3535.103
5294,1767.3662
5295,41640.95
5296,11183.453
5297,14738.428
5298,1717.3096
5299,8067.8247
5300,2252.8672
5301,1785.0618
5302,20563.395
5303,45562.562
5304,11154.501
5305,4344.0825
5306,7971.594
5307,3303.467
5308,3120.739
5309,22358.766
5310,17729.11
5311,2078.22
5312,44739.688
5313,3880.3284
5314,27873.0
5315,5314.651
5316,7399.519
5317,5977.4155
5318,5188.964
5319,12398.482
5320,1622.8481
5321,3564.2207
5322,190836.97
5323,4310.263
5324,10961.914
5325,6205.895
5326,2466.6785
5327,1562.863
5328,1805.2566
5329,8956.065
5330,4075.0454
5331,9892.03
5332,3478.558
5333,10973.641
5334,12417.164
5335,10765.584
5336,11027.91
5337,2656.722
5338,1685.159
5339,5808.3286
5340,2051.0964
5341,10384.8125
5342,5072.826
5343,4457.1226
5344,4997.735
5345,2174.7031
5346,8152.891
5347,1740.8555
5348,4156.539
5349,17766.053
5350,10971.996
5351,25969.82
5352,18828.996
5353,78844.12
5354,1652.8708
5355,14546.76
5356,5851.982
5357,4659.174
5358,6364.272
5359,22157.352
5360,20412.072
5361,21562.117
5362,20629.605
5363,6152.604
5364,4028.3367
5365,8199.892
5366,2030.516
5367,1850.6321
5368,1819.7588
5369,4874.2437
5370,3692.8245
5371,2676.0818
5372,3358.2595
5373,2011.1528
5374,1890.1245
5375,2944.431
5376,2544.8662
5377,89217.01
5378,36038.08
5379,3007.6907
5380,9035.64
5381,4377.164
5382,3808.9016
5383,41784.055
5384,2574.56
5385,12767.875
5386,8123.8394
5387,19023.45
5388,9213.247
5389,28127.762
5390,41055.434
5391,3076.224
5392,5173.1143
5393,6033.5195
5394,3334.1204
5395,10980.326
5396,2160.235
5397,4262.683
5398,2694.5168
5399,3747.5278
5400,12566.068
5401,4070.727
5402,7429.971
5403,1696.1755
5404,72417.9
5405,7587.108
5406,2738.2896
5407,211408.05
5408,4288.57
5409,7584.815
5410,1994.5465
5411,6819.5034
5412,20097.098
5413,1935.1855
5414,1833.4009
5415,9091.921
5416,18810.256
5417,2077.7944
5418,6971.94
5419,4303.951
5420,1563.4974
5421,2782.5144
5422,9134.701
5423,3790.5305
5424,20866.271
5425,2247.6038
5426,52208.094
5427,2929.2651
5428,120670.664
5429,2694.4478
5430,9303.589
5431,1542.7845
5432,101173.37
5433,19593.371
5434,5305.0024
5435,4264.3604
5436,2852.7725
5437,3511.88
5438,3638.678
5439,87885.35
5440,2263.7659
5441,5385.743
5442,17494.205
5443,3291.1704
5444,14876.467
5445,12586.943
5446,11058.393
5447,36926.184
5448,2323.1736
5449,2006.7043
5450,6396.682
5451,4161.786
5452,1695.1741
5453,3703.1316
5454,1772.168
5455,54747.15
5456,7446.6733
5457,4686.434
5458,5068.415
5459,3300.8376
5460,3379.3682
5461,2406.0378
5462,11933.021
